name,type,start,duration,end
https://outlook.office.com/owa/service.svc?action=SendChannelRoundTripNotification&UA=0&app=Mail&n=893,resource,35678995.70000002,96.69999998807907,35679092.400000006
https://outlook.office.com/owa/service.svc?action=SendChannelRoundTripNotification&UA=0&app=Mail&n=84,resource,429248.5,98.09999999403954,429346.59999999404
https://pnytimes.chartbeat.net/ping?h=nytimes.com&p=nytimes.com%2F&u=DL5WfiBH3pv6BjD-7W&d=nytimes.com&g=16698&g0=Homepage&g1=No%20Author&g6=%2F29390238%2Fnyt%2Fhomepage%7C%7C5&n=0&f=f0033&c=7.51&x=0&m=0&y=13649&o=1228&w=959&j=150&R=0&W=0&I=1&E=0&e=0&r=&PA=https%3A%2F%2Fwww.nytimes.com%2F&b=1130&t=DUNm2LCC-aBuVht71Da95mMD9uxED&V=147&tz=240&_acct=anon&_vi=&_vp=https://vp.nyt.com/video/2024/07/23/121254_1_22vid-harris-campaign_wg_1080p.mp4&_vdd=video%40nytimes.com&_vs=s3&_vt=ct&_vap=&_vtn=&_vd=46410&sn=7&sv=BuuZeUDZglQPBLFmlYDE2lADDnIRDn&sr=external&sd=1&im=06672ff3&_,resource,451844.1999999881,26.700000017881393,451870.90000000596
https://pnytimes.chartbeat.net/ping?h=video%40nytimes.com&g=16698&p=https%3A%2F%2Fvp.nyt.com%2Fvideo%2F2024%2F07%2F17%2F120988_1_18WORKOUT-FOOT-TOE-STRENGTH6_wg_720p.mp4&i=&g0=Homepage&u=CpjfWDBDI8-9CeK5Mn&t=BC7DGuBJqxaoDcZoyLBGORIvDGcTqK&x=0&y=0&V=147&VS=H5&n=0&b=2503&_vd=16808&_vi=The%20New%20York%20Times%20-%20Breaking%20News%2C%20US%20News%2C%20World%20News%20and%20Videos&_vp=nytimes.com%2F&_vh=nytimes.com&_pu=DL5WfiBH3pv6BjD-7W&_pt=DUNm2LCC-aBuVht71Da95mMD9uxED&_pr=&_vdd=nytimes.com&_vt=ct&_vs=s3&_vcs=1&_vbr=-1&_vvs=445.714&_vpt=9909&_vaup=auto&_vce=5&c=7.43&W=0&R=0&I=1&E=5&j=75&tz=240&_,resource,451844.7999999821,28.600000023841858,451873.40000000596
https://pnytimes.chartbeat.net/ping?h=video%40nytimes.com&g=16698&p=https%3A%2F%2Fvp.nyt.com%2Fvideo%2F2024%2F07%2F23%2F121254_1_22vid-harris-campaign_wg_1080p.mp4&i=&g0=Homepage&u=CpjfWDBDI8-9CeK5Mn&t=TCcwXC3xgA8C9Gr7QCzm5LCKnOxS&x=0&y=0&V=147&VS=H5&n=0&b=1134&_vd=46410&_vi=The%20New%20York%20Times%20-%20Breaking%20News%2C%20US%20News%2C%20World%20News%20and%20Videos&_vp=nytimes.com%2F&_vh=nytimes.com&_pu=DL5WfiBH3pv6BjD-7W&_pt=DUNm2LCC-aBuVht71Da95mMD9uxED&_pr=&_vdd=nytimes.com&_vt=ct&_vs=s3&_vcs=1&_vbr=-1&_vvs=450.716&_vpt=9895&_vaup=man&_vce=10&c=7.51&W=0&R=0&I=1&E=10&j=75&tz=240&_,resource,451845.40000000596,28.399999976158142,451873.7999999821
https://outlook.office.com/owa/notificationchannel/ping?UA=0&cid=964608fe-bad9-aa57-3ed6-373c5ccb6d4c&X-OWA-CANARY=bdvoV-b47BAAAAAAAAAAACC-sLFCq9wYOFsJ9IRZ9eAVgqBe1zCIKA8ClFJwlSxG47tweE62n1Q.&app=Mail,resource,35684993,47.20000001788139,35685040.20000002
https://outlook.office.com/owa/service.svc?action=GetAttachmentDownloadToken&UA=0&app=Mail&n=85,resource,453248.7999999821,93.5,453342.2999999821
https://outlook.office.com/owa/service.svc?action=GetAttachmentDownloadToken&UA=0&app=Mail&n=86,resource,460988,76.09999999403954,461064.09999999404
event,keypress,12289035.899999976,,12289035.899999976
event,keypress,12289380.399999976,,12289380.399999976
event,keypress,12289578.599999994,,12289578.599999994
event,keypress,12289763.599999994,,12289763.599999994
event,keypress,12289992.799999982,,12289992.799999982
event,keypress,12290171.799999982,,12290171.799999982
event,keypress,12290437,,12290437
event,keypress,12291899.899999976,,12291899.899999976
event,keypress,12292068,,12292068
event,keypress,12293114.5,,12293114.5
event,keypress,12293358.799999982,,12293358.799999982
event,keypress,12293590.699999988,,12293590.699999988
event,keypress,12293906.099999994,,12293906.099999994
event,keypress,12294160.599999994,,12294160.599999994
event,keypress,12294416.699999988,,12294416.699999988
event,click,12295796.399999976,,12295796.399999976
,layout-shift,12295942.299999982,,12295942.299999982
multiple-contexts,longtask,503882.09999999404,60,503942.09999999404
dfp-ad-top-timeCalled,measure,7,504010.09999999404,504017.09999999404
dfp-ad-top-timeCallSent,measure,7,504030.40000000596,504037.40000000596
https://a.nytimes.com/svc/nyt/data-layer?sourceApp=nyt-vi&caller_id=nyt-vi-gtm&referrer=&assetUrl=https://www.nytimes.com/&jkcd=1721758863706,resource,503879.7999999821,120.7000000178814,504000.5
https://pnytimes.chartbeat.net/ping?h=video%40nytimes.com&g=16698&p=https%3A%2F%2Fvp.nyt.com%2Fvideo%2F2024%2F07%2F17%2F120988_1_18WORKOUT-FOOT-TOE-STRENGTH6_wg_720p.mp4&i=&g0=Homepage&u=CpjfWDBDI8-9CeK5Mn&t=BC7DGuBJqxaoDcZoyLBGORIvDGcTqK&x=0&y=0&V=147&VS=H5&n=0&b=2503&_vd=16808&_vi=The%20New%20York%20Times%20-%20Breaking%20News%2C%20US%20News%2C%20World%20News%20and%20Videos&_vp=nytimes.com%2F&_vh=nytimes.com&_pu=DL5WfiBH3pv6BjD-7W&_pt=DUNm2LCC-aBuVht71Da95mMD9uxED&_pr=&_vdd=nytimes.com&_vt=ct&_vs=s2&_vcs=1&_vbr=-1&_vvs=497.858&_vpt=9909&_vaup=auto&_vce=5&c=8.3&W=0&R=1&I=0&E=5&j=20&tz=240&_,resource,503988.1999999881,24.099999994039536,504012.2999999821
https://pnytimes.chartbeat.net/ping?h=video%40nytimes.com&g=16698&p=https%3A%2F%2Fvp.nyt.com%2Fvideo%2F2024%2F07%2F23%2F121254_1_22vid-harris-campaign_wg_1080p.mp4&i=&g0=Homepage&u=CpjfWDBDI8-9CeK5Mn&t=TCcwXC3xgA8C9Gr7QCzm5LCKnOxS&x=0&y=0&V=147&VS=H5&n=0&b=1134&_vd=46410&_vi=The%20New%20York%20Times%20-%20Breaking%20News%2C%20US%20News%2C%20World%20News%20and%20Videos&_vp=nytimes.com%2F&_vh=nytimes.com&_pu=DL5WfiBH3pv6BjD-7W&_pt=DUNm2LCC-aBuVht71Da95mMD9uxED&_pr=&_vdd=nytimes.com&_vt=ct&_vs=s2&_vcs=1&_vbr=-1&_vvs=502.859&_vpt=9895&_vaup=man&_vce=10&c=8.38&W=0&R=1&I=0&E=10&j=20&tz=240&_,resource,503988.2999999821,23.900000005960464,504012.1999999881
https://pnytimes.chartbeat.net/ping?h=nytimes.com&p=nytimes.com%2F&u=DL5WfiBH3pv6BjD-7W&d=nytimes.com&g=16698&g0=Homepage&g1=No%20Author&g6=%2F29390238%2Fnyt%2Fhomepage%7C%7C5&n=0&f=f0033&c=8.38&x=0&m=0&y=13649&o=1228&w=959&j=45&R=0&W=0&I=1&E=0&e=0&r=&PA=https%3A%2F%2Fwww.nytimes.com%2F&b=1130&t=DUNm2LCC-aBuVht71Da95mMD9uxED&V=147&tz=240&_acct=anon&_vi=&_vp=https://vp.nyt.com/video/2024/07/17/120988_1_18WORKOUT-FOOT-TOE-STRENGTH6_wg_720p.mp4&_vdd=video%40nytimes.com&_vs=s2&_vt=ct&_vap=&_vtn=&_vd=16808&sn=8&sv=BuuZeUDZglQPBLFmlYDE2lADDnIRDn&sr=external&sd=1&im=06672ff3&_,resource,503993.59999999404,24.599999994039536,504018.1999999881
dfp-ad-top-timeCalled,mark,504017.09999999404,,504017.09999999404
dfp-ad-top-timeCallSent,mark,504037.40000000596,,504037.40000000596
,layout-shift,504043.5,,504043.5
https://a.et.nytimes.com/track,resource,503876.7999999821,118,503994.7999999821
https://a.et.nytimes.com/track,resource,503963.90000000596,48.79999998211861,504012.6999999881
https://a.et.nytimes.com/track,resource,503982.09999999404,48.19999998807907,504030.2999999821
https://a.et.nytimes.com/track,resource,503985.59999999404,48.80000001192093,504034.40000000596
https://a.et.nytimes.com/track,resource,503992.2999999821,47.30000001192093,504039.59999999404
https://cdn.brandmetrics.com/tag/85a1ebf79602421aa1c2c2f24d32cb6c/nyt.js,resource,504058.40000000596,1.0999999940395355,504059.5
https://rtb.openx.net/openrtbb/prebidjs,resource,504011.7999999821,68.40000000596046,504080.1999999881
https://vp.nyt.com/video/2024/07/17/120988_1_18WORKOUT-FOOT-TOE-STRENGTH6_wg_720p.mp4,resource,504045,46.19999998807907,504091.1999999881
https://pnytimes.chartbeat.net/ping?h=nytimes.com&p=nytimes.com%2F&u=DL5WfiBH3pv6BjD-7W&d=nytimes.com&g=16698&g0=Homepage&g1=No%20Author&g6=%2F29390238%2Fnyt%2Fhomepage%7C%7C5&n=0&f=f0033&c=0&x=0&m=0&y=13649&o=1228&w=959&j=45&R=1&W=0&I=0&E=0&e=0&v=https%3A%2F%2Fnytimes.com%2F&vp=1&PA=https%3A%2F%2Fwww.nytimes.com%2F&b=2503&t=C1aIGSDtGrmCVH2LzBzIb3yCa7sym&V=147&z=t%3DDUNm2LCC-aBuVht71Da95mMD9uxED%26E%3D0%26x%3D0%26c%3D8.38%26y%3D13649%26w%3D959&i=The%20New%20York%20Times%20-%20Breaking%20News%2C%20US%20News%2C%20World%20News%20and%20Videos&tz=240&_acct=anon&_vi=&_vp=https://vp.nyt.com/video/2024/07/17/120988_1_18WORKOUT-FOOT-TOE-STRENGTH6_wg_720p.mp4&_vdd=video%40nytimes.com&_vs=s2&_vt=ct&_vap=&_vtn=&_vd=16808&sn=1&sv=BuuZeUDZglQPBLFmlYDE2lADDnIRDn&sr=external&sd=2&im=06e72ff3&_,resource,504065.1999999881,31.5,504096.6999999881
https://bidder.criteo.com/cdb?ptv=144&profileId=185&av=36&wv=8.50.0&cb=22738703399,resource,504017,86,504103
https://bidder.criteo.com/csm/events,resource,504106.6999999881,12.800000011920929,504119.5
https://td.doubleclick.net/td/fls/rul/activityi;fledge=1;src=5290727;type=allpa0;cat=nyti-0;ord=1;num=7351532868033;npa=0;gcldc=CjwKCAjwqf20BhBwEiwAt7dtdYqimtZsA3Z_s1_jwOkziJ2WSkGK5lBt_zeeqxThRjyQn2a5CYAXRhoC7ZEQAvD_BwE;gclaw=CjwKCAjwqf20BhBwEiwAt7dtdYqimtZsA3Z_s1_jwOkziJ2WSkGK5lBt_zeeqxThRjyQn2a5CYAXRhoC7ZEQAvD_BwE;auiddc=855005159.1721313607;u17=https%3A%2F%2Fwww.nytimes.com%2F;u5=;u18=anon;ps=1;pcor=955577330;uaa=arm;uab=64;uafvl=Not%252FA)Brand%3B8.0.0.0%7CChromium%3B126.0.6478.127%7CGoogle%2520Chrome%3B126.0.6478.127;uamb=0;uam=;uap=macOS;uapv=14.5.0;uaw=0;pscdl=noapi;frm=0;gtm=45fe47h0v9181657669z872703797za201zb72703797;gcs=G111;gcd=13t3t3t3t5;dma=0;tag_exp=95250753;epver=2;~oref=https%3A%2F%2Fwww.nytimes.com%2F?,resource,504064.59999999404,50.80000001192093,504115.40000000596
https://ad.doubleclick.net/activity;register_conversion=1;src=5290727;type=allpa0;cat=nyti-0;ord=1;num=7351532868033;npa=0;gcldc=CjwKCAjwqf20BhBwEiwAt7dtdYqimtZsA3Z_s1_jwOkziJ2WSkGK5lBt_zeeqxThRjyQn2a5CYAXRhoC7ZEQAvD_BwE;gclaw=CjwKCAjwqf20BhBwEiwAt7dtdYqimtZsA3Z_s1_jwOkziJ2WSkGK5lBt_zeeqxThRjyQn2a5CYAXRhoC7ZEQAvD_BwE;auiddc=855005159.1721313607;u17=https%3A%2F%2Fwww.nytimes.com%2F;u5=;u18=anon;ps=1;pcor=955577330;uaa=arm;uab=64;uafvl=Not%252FA)Brand%3B8.0.0.0%7CChromium%3B126.0.6478.127%7CGoogle%2520Chrome%3B126.0.6478.127;uamb=0;uam=;uap=macOS;uapv=14.5.0;uaw=0;pscdl=noapi;frm=0;gtm=45fe47h0v9181657669z872703797za201zb72703797;gcs=G111;gcd=13t3t3t3t5;dma=0;tag_exp=95250753;epver=2;~oref=https%3A%2F%2Fwww.nytimes.com%2F?,resource,504065.1999999881,83.2000000178814,504148.40000000596
https://ssp-sync.criteo.com/user-sync/pixels,resource,504107.2999999821,40.70000001788139,504148
https://insight.adsrvr.org/track/pxl/?adv=bomn82o&ct=0:s2f54xh&fmt=3&ttl=43200&gtmcb=1785728506,resource,504064.90000000596,91.09999999403954,504156
https://hbopenbid.pubmatic.com/translator?source=prebid-client,resource,504009.09999999404,212.69999998807907,504221.7999999821
https://fastlane.rubiconproject.com/a/api/fastlane.json?account_id=12330&site_id=378266&zone_id=2088372&size_id=2&alt_size_ids=55%2C57&p_pos=btf&rf=https%3A%2F%2Fwww.nytimes.com%2F&kw=news%2Cliveupdates%2Clatestnews%2Cbreakingnews%2Clocalnews%2Ccurrentevents%2Ctopstories%2Clivestream%2Clivevideo%2Cworldnews%2Cusnews&tg_i.domain=nytimes.com&tg_i.page=https%3A%2F%2Fwww.nytimes.com%2F&tg_i.invCode=nyt_home_mid1&tg_i.pbadslot=%2F29390238%2Fnyt%2Fhomepage&tk_flint=pbjs_lite_v8.50.0&l_pb_bid_id=63ffca066169cee&p_screen_res=1728x1117&rp_secure=1&rp_maxbids=1&p_gpid=%2F29390238%2Fnyt%2Fhomepage&m_ch_ua=%22Not%2FA)Brand%22%7Cv%3D%228%22%2C%22Chromium%22%7Cv%3D%22126%22%2C%22Google%20Chrome%22%7Cv%3D%22126%22&m_ch_full_ver=%22Not%2FA)Brand%22%7Cv%3D%228%22%2C%22Chromium%22%7Cv%3D%22126%22%2C%22Google%20Chrome%22%7Cv%3D%22126%22&m_ch_mobile=%3F0&m_ch_platform=macOS&slots=1&rand=0.13292868267154123,resource,504005.2999999821,265.80000001192093,504271.09999999404
https://5290727.fls.doubleclick.net/activityi;src=5290727;type=allpa0;cat=nyti-0;ord=1;num=7351532868033;npa=0;gcldc=CjwKCAjwqf20BhBwEiwAt7dtdYqimtZsA3Z_s1_jwOkziJ2WSkGK5lBt_zeeqxThRjyQn2a5CYAXRhoC7ZEQAvD_BwE;gclaw=CjwKCAjwqf20BhBwEiwAt7dtdYqimtZsA3Z_s1_jwOkziJ2WSkGK5lBt_zeeqxThRjyQn2a5CYAXRhoC7ZEQAvD_BwE;auiddc=855005159.1721313607;u17=https%3A%2F%2Fwww.nytimes.com%2F;u5=;u18=anon;ps=1;pcor=955577330;uaa=arm;uab=64;uafvl=Not%252FA)Brand%3B8.0.0.0%7CChromium%3B126.0.6478.127%7CGoogle%2520Chrome%3B126.0.6478.127;uamb=0;uam=;uap=macOS;uapv=14.5.0;uaw=0;pscdl=noapi;frm=0;gtm=45fe47h0v9181657669z872703797za201zb72703797;gcs=G111;gcd=13t3t3t3t5;dma=0;tag_exp=95250753;epver=2;~oref=https%3A%2F%2Fwww.nytimes.com%2F?,resource,504063.1999999881,208.40000000596046,504271.59999999404
https://secure.adnxs.com/getuid?https%3A%2F%2Fx.bidswitch.net%2Fsync%3Fdsp_id%3D480%26ssp%3Dthemediagrid%26user_id%3D%24UID%26&gdpr=&gdpr_consent=,resource,504148.90000000596,127.2999999821186,504276.1999999881
https://ib.adnxs.com/ut/v3/prebid,resource,504015,268.09999999403954,504283.09999999404
https://fastlane.rubiconproject.com/a/api/fastlane.json?account_id=12330&site_id=378266&zone_id=2088372&size_id=2&alt_size_ids=55%2C57&p_pos=btf&rf=https%3A%2F%2Fwww.nytimes.com%2F&kw=news%2Cliveupdates%2Clatestnews%2Cbreakingnews%2Clocalnews%2Ccurrentevents%2Ctopstories%2Clivestream%2Clivevideo%2Cworldnews%2Cusnews&tg_i.domain=nytimes.com&tg_i.page=https%3A%2F%2Fwww.nytimes.com%2F&tg_i.invCode=nyt_home_mid3&tg_i.pbadslot=%2F29390238%2Fnyt%2Fhomepage&tk_flint=pbjs_lite_v8.50.0&l_pb_bid_id=6555fad3f0bd85&p_screen_res=1728x1117&rp_secure=1&rp_maxbids=1&p_gpid=%2F29390238%2Fnyt%2Fhomepage&m_ch_ua=%22Not%2FA)Brand%22%7Cv%3D%228%22%2C%22Chromium%22%7Cv%3D%22126%22%2C%22Google%20Chrome%22%7Cv%3D%22126%22&m_ch_full_ver=%22Not%2FA)Brand%22%7Cv%3D%228%22%2C%22Chromium%22%7Cv%3D%22126%22%2C%22Google%20Chrome%22%7Cv%3D%22126%22&m_ch_mobile=%3F0&m_ch_platform=macOS&slots=1&rand=0.8715216214621848,resource,504005.90000000596,287.59999999403954,504293.5
https://fastlane.rubiconproject.com/a/api/fastlane.json?account_id=12330&site_id=378266&zone_id=2088372&size_id=2&alt_size_ids=55%2C57&p_pos=btf&rf=https%3A%2F%2Fwww.nytimes.com%2F&kw=news%2Cliveupdates%2Clatestnews%2Cbreakingnews%2Clocalnews%2Ccurrentevents%2Ctopstories%2Clivestream%2Clivevideo%2Cworldnews%2Cusnews&tg_i.domain=nytimes.com&tg_i.page=https%3A%2F%2Fwww.nytimes.com%2F&tg_i.invCode=nyt_home_mid2&tg_i.pbadslot=%2F29390238%2Fnyt%2Fhomepage&tk_flint=pbjs_lite_v8.50.0&l_pb_bid_id=64526e41d40b626&p_screen_res=1728x1117&rp_secure=1&rp_maxbids=1&p_gpid=%2F29390238%2Fnyt%2Fhomepage&m_ch_ua=%22Not%2FA)Brand%22%7Cv%3D%228%22%2C%22Chromium%22%7Cv%3D%22126%22%2C%22Google%20Chrome%22%7Cv%3D%22126%22&m_ch_full_ver=%22Not%2FA)Brand%22%7Cv%3D%228%22%2C%22Chromium%22%7Cv%3D%22126%22%2C%22Google%20Chrome%22%7Cv%3D%22126%22&m_ch_mobile=%3F0&m_ch_platform=macOS&slots=1&rand=0.765320380521892,resource,504005.6999999881,299,504304.6999999881
https://a.et.nytimes.com/track,resource,504259,51.900000005960464,504310.90000000596
https://fastlane.rubiconproject.com/a/api/fastlane.json?account_id=12330&site_id=378266&zone_id=2088370&size_id=2&alt_size_ids=55%2C57&p_pos=atf&rf=https%3A%2F%2Fwww.nytimes.com%2F&kw=news%2Cliveupdates%2Clatestnews%2Cbreakingnews%2Clocalnews%2Ccurrentevents%2Ctopstories%2Clivestream%2Clivevideo%2Cworldnews%2Cusnews&tg_i.domain=nytimes.com&tg_i.page=https%3A%2F%2Fwww.nytimes.com%2F&tg_i.invCode=nyt_home_top&tg_i.pbadslot=%2F29390238%2Fnyt%2Fhomepage&tk_flint=pbjs_lite_v8.50.0&l_pb_bid_id=6247a1aa8c7ede9&p_screen_res=1728x1117&rp_secure=1&rp_maxbids=1&p_gpid=%2F29390238%2Fnyt%2Fhomepage&m_ch_ua=%22Not%2FA)Brand%22%7Cv%3D%228%22%2C%22Chromium%22%7Cv%3D%22126%22%2C%22Google%20Chrome%22%7Cv%3D%22126%22&m_ch_full_ver=%22Not%2FA)Brand%22%7Cv%3D%228%22%2C%22Chromium%22%7Cv%3D%22126%22%2C%22Google%20Chrome%22%7Cv%3D%22126%22&m_ch_mobile=%3F0&m_ch_platform=macOS&slots=1&rand=0.2941476254506825,resource,504004.7999999821,313,504317.7999999821
https://fastlane.rubiconproject.com/a/api/fastlane.json?account_id=12330&site_id=378266&zone_id=2088374&size_id=2&alt_size_ids=55%2C57&p_pos=btf&rf=https%3A%2F%2Fwww.nytimes.com%2F&kw=news%2Cliveupdates%2Clatestnews%2Cbreakingnews%2Clocalnews%2Ccurrentevents%2Ctopstories%2Clivestream%2Clivevideo%2Cworldnews%2Cusnews&tg_i.domain=nytimes.com&tg_i.page=https%3A%2F%2Fwww.nytimes.com%2F&tg_i.invCode=nyt_home_bottom&tg_i.pbadslot=%2F29390238%2Fnyt%2Fhomepage&tk_flint=pbjs_lite_v8.50.0&l_pb_bid_id=666d6786d5e62e5&p_screen_res=1728x1117&rp_secure=1&rp_maxbids=1&p_gpid=%2F29390238%2Fnyt%2Fhomepage&m_ch_ua=%22Not%2FA)Brand%22%7Cv%3D%228%22%2C%22Chromium%22%7Cv%3D%22126%22%2C%22Google%20Chrome%22%7Cv%3D%22126%22&m_ch_full_ver=%22Not%2FA)Brand%22%7Cv%3D%228%22%2C%22Chromium%22%7Cv%3D%22126%22%2C%22Google%20Chrome%22%7Cv%3D%22126%22&m_ch_mobile=%3F0&m_ch_platform=macOS&slots=1&rand=0.9439026030369513,resource,504006.1999999881,334.90000000596046,504341.09999999404
https://prebid.media.net/rtb/prebid?cid=8CU4WQK98,resource,504013.2999999821,338,504351.2999999821
https://tlx.3lift.com/header/auction?lib=prebid&v=8.50.0&referrer=https%3A%2F%2Fwww.nytimes.com%2F&tmax=800,resource,504007.1999999881,397.09999999403954,504404.2999999821
dfp-ad-top-timeReceived,measure,504017.09999999404,592.8000000119209,504609.90000000596
dfp-ad-top-timeRendered,measure,504017.09999999404,616,504633.09999999404
https://securepubads.g.doubleclick.net/gampad/ads?pvsid=1424150245462613&correlator=1393799930457601&eid=44809527%2C31083340%2C31085490%2C676982996%2C31078664%2C31078665%2C31078668%2C31078670&output=ldjh&gdfp_req=1&vrg=202407220101&ptt=17&impl=fif&iu_parts=29390238%2Cnyt%2Chomepage&enc_prev_ius=%2F0%2F1%2F2&prev_iu_szs=320x50%7C728x90%7C970x90%7C970x250%7C1605x300&fluid=height&ifi=2&sfv=1-0-40&rcs=1&eri=33&sc=1&cookie=ID%3Dddec003deba801c7%3AT%3D1721313619%3ART%3D1721758173%3AS%3DALNI_MZdweIlIfkDK4mqTAC8dIjSWxr1-A&gpic=UID%3D00000e9bbc8eed42%3AT%3D1721313619%3ART%3D1721758173%3AS%3DALNI_MY8Wzg7kXlHJDaC9MrkoY69MxFvxw&abxe=1&dt=1721758863859&lmt=1721757382&adxs=0&adys=15&biw=1228&bih=959&scr_x=0&scr_y=0&btvi=0&ucis=1&oid=2&u_his=5&u_h=1117&u_w=1728&u_ah=1085&u_aw=1728&u_cd=30&u_sd=2&u_tz=-240&dmc=8&bc=31&nvt=3&uach=WyJtYWNPUyIsIjE0LjUuMCIsImFybSIsIiIsIjEyNi4wLjY0NzguMTI3IixudWxsLDAsbnVsbCwiNjQiLFtbIk5vdC9BKUJyYW5kIiwiOC4wLjAuMCJdLFsiQ2hyb21pdW0iLCIxMjYuMC42NDc4LjEyNyJdLFsiR29vZ2xlIENocm9tZSIsIjEyNi4wLjY0NzguMTI3Il1dLDBd&url=https%3A%2F%2Fwww.nytimes.com%2F&vis=1&psz=1228x90&msz=1228x90&fws=4&ohw=1228&ga_vid=1933310523.1721758361&ga_sid=1721758361&ga_hid=952172467&ga_fc=false&td=1&egid=45258&tan=358417f4-acd2-4629-a893-0878550eaf48&tdf=2&nt=1&psd=WzExLFtdLG51bGwsM10.&dlt=1721758359846&idt=803&ppid=9j5lbnkqh61utj33etdxtzzqpl6ou4l&prev_scp=div%3Ddfp-ad-top%26pos%3Dtop%26hb_format_ix%3Dbanner%26hb_size_ix%3D970x250%26hb_pb_ix%3D0.65%26hb_adid_ix%3D577e02b015b2736%26hb_bidder_ix%3Dix%26hb_format_rubicon%3Dbanner%26hb_size_rubicon%3D970x250%26hb_pb_rubicon%3D0.40%26hb_adid_rubicon%3D53938ef39f8c901%26hb_bidder_rubicon%3Drubicon%26hb_format_pubmatic%3Dbanner%26hb_size_pubmatic%3D728x90%26hb_pb_pubmatic%3D0.10%26hb_adid_pubmatic%3D501bb1add36c7b6%26hb_bidder_pubmatic%3Dpubmatic%26hb_format%3Dbanner%26hb_size%3D970x250%26hb_pb%3D0.65%26hb_adid%3D577e02b015b2736%26hb_bidder%3Dix%26request_time%3D504010&cust_params=als_test_clientside%3Dweb_bigtable_none_20240723181239%26mktg%3Dtype_anon%252Clogf%252Cabt%26bt%3D131947%252C131953%252C132360%252C132361%252C132362%252C132363%252C132365%252C132366%252C132394%252C132395%252C132630%252C132640%252C132668%252C132670%252C173596%252C259%252C282%252C303%252C305%252C497%252C548%26sub%3Danon%26edn%3Dus%26test%3Dprojectvi%26ver%3Dvi%26typ%3Dhp%26prop%3Dnyt%26plat%3Dweb%26abra_dfp%3Ddfp_prebid_0624_1_criteo%26sov%3D3%26page_view_id%3DCiZ6F3_MsiBI3bxn79NLktQz%26purr%3Dfull%26vp%3Dlarge%26uap%3Dbrowser%26cookie%3Dfalse%26gscat%3Dneg_ibmtest%252Cneg_gg1%252Cneg_ibm%252Cneg_chanel%252Cneg_owde%252Cneg_chan2%252Cneg_debeer%252Cneg_citi_aa%252Cneg_hms%252Cneg_google%252Cneg_capitalone%252Cneg_njts%252Cneg_rchmt%252Cpolitics_sentiment%252Cgb_safe_from_high%252Cgs_politics%252Cneg_kaypemg%252Cneg_newyorkp%252Cneg_sub0%252Cneg_mttl%252Cneg_ts%252Cneg_mastercard%252Cneg_bofa%252Cneg_sia%252Cneg_chan3%252Cneg_ihw%252Cgs_predicts_uspoliticselection%252Cneg_mtb%252Cneg_rms%252Cneg_elec%252Cneg_gg2%252Cneg_sabic%252Cneg_hearts%252Cgs_politics_issues_policy%252Cgs_politics_misc%252Cneg_amerex%252Cneg_rolex%252Cneg_ms_safe%252Cneg_am%252Cgs_predicts_olympicsmoments%252Cgs_predicts_legal_industry%252Cgs_predicts_compassion%252Cgs_predicts_technology%252Cgs_politics_american%252Cneg_bp%252Cgs_predicts_veteransservice%252Cgs_predicts_trendingcelebrities%252Cgs_predicts_homeimprovement%252Cgs_homegarden%252Cneg_orep%252Cneg_trpavd%252Cgs_predicts_homeremodeling%252Cgs_predicts_startups%252Cneg_cathay%252Cgs_predicts_marketers%252Cneg_mktg_safe_q4_2019%252Cgs_busfin%252Ccc_business_lead_boards%252Cgs_homegarden_landscaping%252Cgs_predicts_chuseok%252Cneg_racism%252Cneg_ubs%252Cgs_predicts_software_industry%252Cgs_predicts_stylefashion%252Cgs_predicts_golf%252Cneg_msft%252Cgs_predicts_ussports_nbancaabasketball%252Cgs_science_geography%252Cgs_predicts_mlb%252Cgs_event_olympics%252Cgs_predicts_frequenttravelers%252Cgs_predicts_nba%252Cgs_predicts_parentsteachers%252Cneg_rmw%252Cgs_predicts_business_travel%252Cgs_predicts_internationalsports%252Cgs_predicts_tennischampionships%252Cgs_predicts_charity%252Cneg_cme%252Cgs_predicts_fifa%252Cgs_predicts_mensinterests%252Cgs_predicts_retail_industry%252Cgb_sensitive_high_med%252Cgb_sensitive_high_med_low%252Cgb_sensitive_news-ent%252Cneg_mc%252Cgs_predicts_oscarsemmysglobes%252Cgs_predicts_holidayshoppers%252Cgs_predicts_diningindelivery%252Cgs_predicts_travel_by_rail%252Cgs_predicts_millennialmoms%252Cgs_predicts_gettingmarried%252Cgs_predicts_outdoorsinautumn%252Cgs_predicts_musicfestivalsaward%252Cgs_predicts_energy_topics%252Cgs_predicts_blackfridaycybermon%252Cgs_predicts_foodies%252Cgs_predicts_newjob%252Cgs_predicts_worldcup%252Cgv_death_injury%252Cneg_kvue%252Cgs_predicts_savvyshopperscouponing%252Cneg_samsung%252Cgs_predicts_weddings_brides%252Cgs_predicts_singlesday_travel%252Cgs_predicts_teens%252Cgs_predicts_performingarts%252Cgs_predicts_youngwomensinterest%252Cgs_predicts_sbsw_event%252Cgs_predicts_newyearseve%252Cgs_predicts_filmfestivalsawards%252Cgs_predicts_hanukkah%252Cgs_predicts_bussoftwarebuyers%252Cgs_predicts_businessandfinance%252Cgs_predicts_trendingtelevision%252Cgs_predicts_travel%252Cgs_predicts_marchmadness%252Ccc_tech_data%252Cgs_predicts_insurance%252Cgs_t%26ledemedsz%3Dnone%26artlen%3Dshort%26brandsensitive%3Dfalse%26refresh%3Dauto&adks=2496155832&frm=20&eo_id_str=ID%3D6beceef132134417%3AT%3D1721313619%3ART%3D1721758173%3AS%3DAA-AfjbJDksXOXVHGx10C6GxXmLu,resource,504036.6999999881,570.9000000059605,504607.59999999404
dfp-ad-top-timeReceived,mark,504609.90000000596,,504609.90000000596
dfp-ad-top-timeRendered,mark,504633.09999999404,,504633.09999999404
https://htlb.casalemedia.com/openrtb/pbjs?s=995821,resource,504010.7999999821,669.6000000238419,504680.40000000596
https://1859d7136d6093e5decc4ab7ece67954.safeframe.googlesyndication.com/safeframe/1-0-40/html/container.html,resource,504631.40000000596,66.09999999403954,504697.5
dfp-ad-top-timeLoaded,measure,504017.09999999404,734.5999999940395,504751.6999999881
dfp-ad-top-timeLoaded,mark,504751.6999999881,,504751.6999999881
https://gw.geoedge.be/api/init,resource,504934.90000000596,55.69999998807907,504990.59999999404
https://a.et.nytimes.com/track,resource,505586.90000000596,55.79999998211861,505642.6999999881
dfp-ad-top-timeViewed,measure,504017.09999999404,1741.300000011921,505758.40000000596
dfp-ad-top-timeViewed,mark,505758.40000000596,,505758.40000000596
,layout-shift,505833.40000000596,,505833.40000000596
https://a.et.nytimes.com/track,resource,506252.6999999881,54.599999994039536,506307.2999999821
https://outlook.office.com/owa/service.svc?action=SendChannelRoundTripNotification&UA=0&app=Mail&n=87,resource,490248.59999999404,72.40000000596046,490321
https://outlook.office.com/owa/service.svc?action=SendChannelRoundTripNotification&UA=0&app=Mail&n=894,resource,35739995.400000006,74.59999999403954,35740070
https://pnytimes.chartbeat.net/ping?h=video%40nytimes.com&g=16698&p=https%3A%2F%2Fvp.nyt.com%2Fvideo%2F2024%2F07%2F23%2F121254_1_22vid-harris-campaign_wg_1080p.mp4&i=&g0=Homepage&u=CpjfWDBDI8-9CeK5Mn&t=TCcwXC3xgA8C9Gr7QCzm5LCKnOxS&x=0&y=0&V=147&VS=H5&n=0&b=1134&_vd=46410&_vi=The%20New%20York%20Times%20-%20Breaking%20News%2C%20US%20News%2C%20World%20News%20and%20Videos&_vp=nytimes.com%2F&_vh=nytimes.com&_pu=DL5WfiBH3pv6BjD-7W&_pt=C1aIGSDtGrmCVH2LzBzIb3yCa7sym&_pv=https%3A%2F%2Fnytimes.com%2F&_vdd=nytimes.com&_vt=ct&_vs=s2&_vcs=1&_vbr=-1&_vvs=507.86&_vpt=14670&_vaup=man&_vce=16&c=8.46&W=0&R=1&I=0&E=16&j=20&tz=240&_,resource,508989.5,22.900000005960464,509012.40000000596
https://pnytimes.chartbeat.net/ping?h=video%40nytimes.com&g=16698&p=https%3A%2F%2Fvp.nyt.com%2Fvideo%2F2024%2F07%2F17%2F120988_1_18WORKOUT-FOOT-TOE-STRENGTH6_wg_720p.mp4&i=&g0=Homepage&u=CpjfWDBDI8-9CeK5Mn&t=BC7DGuBJqxaoDcZoyLBGORIvDGcTqK&x=0&y=0&V=147&VS=H5&n=0&b=2503&_vd=16808&_vi=The%20New%20York%20Times%20-%20Breaking%20News%2C%20US%20News%2C%20World%20News%20and%20Videos&_vp=nytimes.com%2F&_vh=nytimes.com&_pu=DL5WfiBH3pv6BjD-7W&_pt=C1aIGSDtGrmCVH2LzBzIb3yCa7sym&_pv=https%3A%2F%2Fnytimes.com%2F&_vdd=nytimes.com&_vt=ct&_vs=s2&_vcs=1&_vbr=-1&_vvs=502.859&_vpt=14721&_vaup=auto&_vce=11&c=8.38&W=0&R=1&I=0&E=11&j=20&tz=240&_,resource,508989.2999999821,23.80000001192093,509013.09999999404
,layout-shift,510124.7999999821,,510124.7999999821
https://a.et.nytimes.com/track,resource,510592,50.400000005960464,510642.40000000596
https://vp.nyt.com/video/2024/07/17/120988_1_18WORKOUT-FOOT-TOE-STRENGTH6_wg_720p.mp4,resource,511078.40000000596,23.099999994039536,511101.5
,layout-shift,512100.6999999881,,512100.6999999881
https://pnytimes.chartbeat.net/ping?h=video%40nytimes.com&g=16698&p=https%3A%2F%2Fvp.nyt.com%2Fvideo%2F2024%2F07%2F17%2F120988_1_18WORKOUT-FOOT-TOE-STRENGTH6_wg_720p.mp4&i=&g0=Homepage&u=CpjfWDBDI8-9CeK5Mn&t=BC7DGuBJqxaoDcZoyLBGORIvDGcTqK&x=0&y=0&V=147&VS=H5&n=0&b=2503&_vd=16808&_vi=The%20New%20York%20Times%20-%20Breaking%20News%2C%20US%20News%2C%20World%20News%20and%20Videos&_vp=nytimes.com%2F&_vh=nytimes.com&_pu=DL5WfiBH3pv6BjD-7W&_pt=C1aIGSDtGrmCVH2LzBzIb3yCa7sym&_pv=https%3A%2F%2Fnytimes.com%2F&_vdd=nytimes.com&_vt=ct&_vs=s2&_vcs=1&_vbr=-1&_vvs=507.858&_vpt=2886&_vaup=auto&_vce=16&c=8.46&W=0&R=1&I=0&E=16&j=20&tz=240&_,resource,513988.90000000596,24.799999982118607,514013.6999999881
https://pnytimes.chartbeat.net/ping?h=video%40nytimes.com&g=16698&p=https%3A%2F%2Fvp.nyt.com%2Fvideo%2F2024%2F07%2F23%2F121254_1_22vid-harris-campaign_wg_1080p.mp4&i=&g0=Homepage&u=CpjfWDBDI8-9CeK5Mn&t=TCcwXC3xgA8C9Gr7QCzm5LCKnOxS&x=0&y=0&V=147&VS=H5&n=0&b=1134&_vd=46410&_vi=The%20New%20York%20Times%20-%20Breaking%20News%2C%20US%20News%2C%20World%20News%20and%20Videos&_vp=nytimes.com%2F&_vh=nytimes.com&_pu=DL5WfiBH3pv6BjD-7W&_pt=C1aIGSDtGrmCVH2LzBzIb3yCa7sym&_pv=https%3A%2F%2Fnytimes.com%2F&_vdd=nytimes.com&_vt=ct&_vs=s2&_vcs=1&_vbr=-1&_vvs=512.86&_vpt=19674&_vaup=man&_vce=21&c=8.55&W=0&R=1&I=0&E=21&j=20&tz=240&_,resource,513989.09999999404,25.30000001192093,514014.40000000596
https://static01.nyt.com/images/2024/07/20/multimedia/20roadside-motels-phlc/20roadside-motels-phlc-smallSquare252.jpg?format=pjpg&quality=75&auto=webp&disable=upscale,resource,514167.40000000596,15.799999982118607,514183.1999999881
https://pnytimes.chartbeat.net/ping?h=video%40nytimes.com&g=16698&p=https%3A%2F%2Fvp.nyt.com%2Fvideo%2F2024%2F07%2F17%2F120988_1_18WORKOUT-FOOT-TOE-STRENGTH6_wg_720p.mp4&i=&g0=Homepage&u=CpjfWDBDI8-9CeK5Mn&t=BC7DGuBJqxaoDcZoyLBGORIvDGcTqK&x=0&y=0&V=147&VS=H5&n=0&b=2503&_vd=16808&_vi=The%20New%20York%20Times%20-%20Breaking%20News%2C%20US%20News%2C%20World%20News%20and%20Videos&_vp=nytimes.com%2F&_vh=nytimes.com&_pu=DL5WfiBH3pv6BjD-7W&_pt=C1aIGSDtGrmCVH2LzBzIb3yCa7sym&_pv=https%3A%2F%2Fnytimes.com%2F&_vdd=nytimes.com&_vt=ct&_vs=s3&_vcs=1&_vbr=-1&_vvs=508.105&_vpt=3059&_vaup=auto&_vce=17&c=8.47&W=0&R=0&I=1&E=17&j=75&tz=240&_,resource,514235.09999999404,22.30000001192093,514257.40000000596
https://pnytimes.chartbeat.net/ping?h=video%40nytimes.com&g=16698&p=https%3A%2F%2Fvp.nyt.com%2Fvideo%2F2024%2F07%2F23%2F121254_1_22vid-harris-campaign_wg_1080p.mp4&i=&g0=Homepage&u=CpjfWDBDI8-9CeK5Mn&t=TCcwXC3xgA8C9Gr7QCzm5LCKnOxS&x=0&y=0&V=147&VS=H5&n=0&b=1134&_vd=46410&_vi=The%20New%20York%20Times%20-%20Breaking%20News%2C%20US%20News%2C%20World%20News%20and%20Videos&_vp=nytimes.com%2F&_vh=nytimes.com&_pu=DL5WfiBH3pv6BjD-7W&_pt=C1aIGSDtGrmCVH2LzBzIb3yCa7sym&_pv=https%3A%2F%2Fnytimes.com%2F&_vdd=nytimes.com&_vt=ct&_vs=s3&_vcs=1&_vbr=-1&_vvs=513.106&_vpt=19870&_vaup=man&_vce=22&c=8.55&W=0&R=0&I=1&E=22&j=75&tz=240&_,resource,514235.40000000596,22.19999998807907,514257.59999999404
https://a.et.nytimes.com/track,resource,514195.09999999404,62.099999994039536,514257.1999999881
dfp-ad-mid1-timeCalled,measure,7,514718.40000000596,514725.40000000596
dfp-ad-mid1-timeCallSent,measure,7,514729.7999999821,514736.7999999821
dfp-ad-mid1-timeCalled,mark,514725.40000000596,,514725.40000000596
dfp-ad-mid1-timeCallSent,mark,514736.7999999821,,514736.7999999821
dfp-ad-mid2-timeCalled,measure,7,514951.59999999404,514958.59999999404
dfp-ad-mid2-timeCallSent,measure,7,514962.1999999881,514969.1999999881
dfp-ad-mid2-timeCalled,mark,514958.59999999404,,514958.59999999404
dfp-ad-mid2-timeCallSent,mark,514969.1999999881,,514969.1999999881
https://static01.nyt.com/images/2024/07/18/multimedia/HLM-Peach-Cucumber-Mozzarella-Salad-With-Gochujang-Dressin-copy/HLM-Peach-Cucumber-and-Mozzarella-Salad-With-Gochujang-Dressin-czkp-threeByTwoSmallAt2X.jpg?format=pjpg&quality=75&auto=webp&disable=upscale,resource,515008.90000000596,18.69999998807907,515027.59999999404
dfp-ad-mid3-timeCalled,measure,7,515135.1999999881,515142.1999999881
dfp-ad-mid3-timeCallSent,measure,7,515146.59999999404,515153.59999999404
dfp-ad-mid3-timeCalled,mark,515142.1999999881,,515142.1999999881
dfp-ad-mid3-timeCallSent,mark,515153.59999999404,,515153.59999999404
https://pnytimes.chartbeat.net/ping?h=nytimes.com&p=nytimes.com%2F&u=DL5WfiBH3pv6BjD-7W&d=nytimes.com&g=16698&g0=Homepage&g1=No%20Author&g6=%2F29390238%2Fnyt%2Fhomepage%7C%7C5&n=0&f=f0033&c=0.19&x=7809&m=7809&y=13649&o=1228&w=959&j=30&R=1&W=0&I=0&E=6&e=6&v=https%3A%2F%2Fnytimes.com%2F&vp=1&PA=https%3A%2F%2Fwww.nytimes.com%2F&b=2503&t=C1aIGSDtGrmCVH2LzBzIb3yCa7sym&V=147&tz=240&_acct=anon&_vi=&_vp=https://vp.nyt.com/video/2024/07/17/120988_1_18WORKOUT-FOOT-TOE-STRENGTH6_wg_720p.mp4&_vdd=video%40nytimes.com&_vs=s3&_vt=ct&_vap=&_vtn=&_vd=16808&sn=2&sv=BuuZeUDZglQPBLFmlYDE2lADDnIRDn&sr=external&sd=2&im=06e72ff3&_,resource,515236.2999999821,22.700000017881393,515259
dfp-ad-mid1-timeReceived,measure,514725.40000000596,604.7999999821186,515330.1999999881
dfp-ad-mid1-timeRendered,measure,514725.40000000596,614.7999999821186,515340.1999999881
https://securepubads.g.doubleclick.net/gampad/ads?pvsid=1424150245462613&correlator=1393799930457601&eid=44809527%2C31083340%2C31085490%2C676982996%2C31078664%2C31078665%2C31078668%2C31078670&output=ldjh&gdfp_req=1&vrg=202407220101&ptt=17&impl=fif&iu_parts=29390238%2Cnyt%2Chomepage&enc_prev_ius=%2F0%2F1%2F2&prev_iu_szs=320x50%7C728x90%7C970x90%7C970x250%7C1605x300&fluid=height&ifi=3&sfv=1-0-40&eri=32&sc=1&cookie=ID%3Dddec003deba801c7%3AT%3D1721313619%3ART%3D1721758863%3AS%3DALNI_MZdweIlIfkDK4mqTAC8dIjSWxr1-A&gpic=UID%3D00000e9bbc8eed42%3AT%3D1721313619%3ART%3D1721758863%3AS%3DALNI_MY8Wzg7kXlHJDaC9MrkoY69MxFvxw&abxe=1&dt=1721758874562&lmt=1721757382&adxs=0&adys=5500&biw=1228&bih=959&scr_x=0&scr_y=4171&btvi=1&ucis=2&oid=2&u_his=5&u_h=1117&u_w=1728&u_ah=1085&u_aw=1728&u_cd=30&u_sd=2&u_tz=-240&dmc=8&bc=31&nvt=3&uach=WyJtYWNPUyIsIjE0LjUuMCIsImFybSIsIiIsIjEyNi4wLjY0NzguMTI3IixudWxsLDAsbnVsbCwiNjQiLFtbIk5vdC9BKUJyYW5kIiwiOC4wLjAuMCJdLFsiQ2hyb21pdW0iLCIxMjYuMC42NDc4LjEyNyJdLFsiR29vZ2xlIENocm9tZSIsIjEyNi4wLjY0NzguMTI3Il1dLDBd&url=https%3A%2F%2Fwww.nytimes.com%2F&vis=1&psz=1228x90&msz=1228x0&fws=4&ohw=1228&ga_vid=1933310523.1721758361&ga_sid=1721758361&ga_hid=952172467&ga_fc=false&td=1&egid=45258&tan=358417f4-acd2-4629-a893-0878550eaf49&tdf=2&nt=1&psd=WzExLFtdLG51bGwsM10.&dlt=1721758359846&idt=803&ppid=9j5lbnkqh61utj33etdxtzzqpl6ou4l&prev_scp=div%3Ddfp-ad-mid1%26pos%3Dmid1%26format_rules%3Dnoxl%26amznbid%3D1%26amznp%3D1%26hb_format_appnexus%3Dbanner%26hb_size_appnexus%3D970x250%26hb_pb_appnexus%3D0.00%26hb_adid_appnexus%3D1183f3edf95413a7%26hb_bidder_appnexus%3Dappnexus%26hb_format_rubicon%3Dbanner%26hb_size_rubicon%3D970x250%26hb_pb_rubicon%3D0.35%26hb_adid_rubicon%3D117286a4fb44119b%26hb_bidder_rubicon%3Drubicon%26hb_format_pubmatic%3Dbanner%26hb_size_pubmatic%3D970x250%26hb_pb_pubmatic%3D0.05%26hb_adid_pubmatic%3D115a4ba57dbc1b5a%26hb_bidder_pubmatic%3Dpubmatic%26hb_format%3Dbanner%26hb_size%3D970x250%26hb_pb%3D0.35%26hb_adid%3D117286a4fb44119b%26hb_bidder%3Drubicon%26hb_format_criteo%3Dbanner%26hb_size_criteo%3D970x250%26hb_pb_criteo%3D0.20%26hb_adid_criteo%3D1104bc8381d04a62%26hb_bidder_criteo%3Dcriteo%26request_time%3D514718&cust_params=als_test_clientside%3Dweb_bigtable_none_20240723181239%26mktg%3Dtype_anon%252Clogf%252Cabt%26bt%3D131947%252C131953%252C132360%252C132361%252C132362%252C132363%252C132365%252C132366%252C132394%252C132395%252C132630%252C132640%252C132668%252C132670%252C173596%252C259%252C282%252C303%252C305%252C497%252C548%26sub%3Danon%26edn%3Dus%26test%3Dprojectvi%26ver%3Dvi%26typ%3Dhp%26prop%3Dnyt%26plat%3Dweb%26abra_dfp%3Ddfp_prebid_0624_1_criteo%26sov%3D3%26page_view_id%3DCiZ6F3_MsiBI3bxn79NLktQz%26purr%3Dfull%26vp%3Dlarge%26uap%3Dbrowser%26cookie%3Dfalse%26gscat%3Dneg_ibmtest%252Cneg_gg1%252Cneg_ibm%252Cneg_chanel%252Cneg_owde%252Cneg_chan2%252Cneg_debeer%252Cneg_citi_aa%252Cneg_hms%252Cneg_google%252Cneg_capitalone%252Cneg_njts%252Cneg_rchmt%252Cpolitics_sentiment%252Cgb_safe_from_high%252Cgs_politics%252Cneg_kaypemg%252Cneg_newyorkp%252Cneg_sub0%252Cneg_mttl%252Cneg_ts%252Cneg_mastercard%252Cneg_bofa%252Cneg_sia%252Cneg_chan3%252Cneg_ihw%252Cgs_predicts_uspoliticselection%252Cneg_mtb%252Cneg_rms%252Cneg_elec%252Cneg_gg2%252Cneg_sabic%252Cneg_hearts%252Cgs_politics_issues_policy%252Cgs_politics_misc%252Cneg_amerex%252Cneg_rolex%252Cneg_ms_safe%252Cneg_am%252Cgs_predicts_olympicsmoments%252Cgs_predicts_legal_industry%252Cgs_predicts_compassion%252Cgs_predicts_technology%252Cgs_politics_american%252Cneg_bp%252Cgs_predicts_veteransservice%252Cgs_predicts_trendingcelebrities%252Cgs_predicts_homeimprovement%252Cgs_homegarden%252Cneg_orep%252Cneg_trpavd%252Cgs_predicts_homeremodeling%252Cgs_predicts_startups%252Cneg_cathay%252Cgs_predicts_marketers%252Cneg_mktg_safe_q4_2019%252Cgs_busfin%252Ccc_business_lead_boards%252Cgs_homegarden_landscaping%252Cgs_predicts_chuseok%252Cneg_racism%252Cneg_ubs%252Cgs_predicts_software_industry%252Cgs_predicts_stylefashion%252Cgs_predicts_golf%252Cneg_msft%252Cgs_predicts_ussports_nbancaabasketball%252Cgs_science_geography%252Cgs_predicts_mlb%252Cgs_event_olympics%252Cgs_predicts_frequenttravelers%252Cgs_predicts_nba%252Cgs_predicts_parentsteachers%252Cneg_rmw%252Cgs_predicts_business_travel%252Cgs_predicts_internationalsports%252Cgs_predicts_tennischampionships%252Cgs_predicts_charity%252Cneg_cme%252Cgs_predicts_fifa%252Cgs_predicts_mensinterests%252Cgs_predicts_retail_industry%252Cgb_sensitive_high_med%252Cgb_sensitive_high_med_low%252Cgb_sensitive_news-ent%252Cneg_mc%252Cgs_predicts_oscarsemmysglobes%252Cgs_predicts_holidayshoppers%252Cgs_predicts_diningindelivery%252Cgs_predicts_travel_by_rail%252Cgs_predicts_millennialmoms%252Cgs_predicts_gettingmarried%252Cgs_predicts_outdoorsinautumn%252Cgs_predicts_musicfestivalsaward%252Cgs_predicts_energy_topics%252Cgs_predicts_blackfridaycybermon%252Cgs_predicts_foodies%252Cgs_predicts_newjob%252Cgs_predicts_worldcup%252Cgv_death_injury%252Cneg_kvue%252Cgs_predicts_savvyshopperscouponing%252Cneg_samsung%252Cgs_predicts_weddings_brides%252Cgs_predicts_singlesday_travel%252Cgs_predicts_teens%252Cgs_predicts_performingarts%252Cgs_predicts_youngwomensinterest%252Cgs_predicts_sbsw_event%252Cgs_predicts_newyearseve%252Cgs_predicts_filmfestivalsawards%252Cgs_predicts_hanukkah%252Cgs_predicts_bussoftwarebuyers%252Cgs_predicts_businessandfinance%252Cgs_predicts_trendingtelevision%252Cgs_predicts_travel%252Cgs_predicts_marchmadness%252Ccc_tech_data%252Cgs_predicts_insurance%252Cgs_t%26ledemedsz%3Dnone%26artlen%3Dshort%26brandsensitive%3Dfalse%26refresh%3Dauto&adks=3409504445&frm=20&eo_id_str=ID%3D6beceef132134417%3AT%3D1721313619%3ART%3D1721758863%3AS%3DAA-AfjbJDksXOXVHGx10C6GxXmLu,resource,514736.5,592.1999999880791,515328.6999999881
dfp-ad-mid1-timeReceived,mark,515330.1999999881,,515330.1999999881
dfp-ad-mid1-timeRendered,mark,515340.1999999881,,515340.1999999881
dfp-ad-mid2-timeReceived,measure,514958.59999999404,393.59999999403954,515352.1999999881
dfp-ad-mid2-timeRendered,measure,514958.59999999404,402.90000000596046,515361.5
https://securepubads.g.doubleclick.net/gampad/ads?pvsid=1424150245462613&correlator=1393799930457601&eid=44809527%2C31083340%2C31085490%2C676982996%2C31078664%2C31078665%2C31078668%2C31078670&output=ldjh&gdfp_req=1&vrg=202407220101&ptt=17&impl=fif&iu_parts=29390238%2Cnyt%2Chomepage&enc_prev_ius=%2F0%2F1%2F2&prev_iu_szs=320x50%7C728x90%7C970x90%7C970x250%7C1605x300&fluid=height&ifi=4&sfv=1-0-40&eri=32&sc=1&cookie=ID%3Dddec003deba801c7%3AT%3D1721313619%3ART%3D1721758863%3AS%3DALNI_MZdweIlIfkDK4mqTAC8dIjSWxr1-A&gpic=UID%3D00000e9bbc8eed42%3AT%3D1721313619%3ART%3D1721758863%3AS%3DALNI_MY8Wzg7kXlHJDaC9MrkoY69MxFvxw&abxe=1&dt=1721758874794&lmt=1721757382&adxs=0&adys=6724&biw=1228&bih=959&scr_x=0&scr_y=5531&btvi=2&ucis=3&oid=2&u_his=5&u_h=1117&u_w=1728&u_ah=1085&u_aw=1728&u_cd=30&u_sd=2&u_tz=-240&dmc=8&bc=31&nvt=3&uach=WyJtYWNPUyIsIjE0LjUuMCIsImFybSIsIiIsIjEyNi4wLjY0NzguMTI3IixudWxsLDAsbnVsbCwiNjQiLFtbIk5vdC9BKUJyYW5kIiwiOC4wLjAuMCJdLFsiQ2hyb21pdW0iLCIxMjYuMC42NDc4LjEyNyJdLFsiR29vZ2xlIENocm9tZSIsIjEyNi4wLjY0NzguMTI3Il1dLDBd&url=https%3A%2F%2Fwww.nytimes.com%2F&vis=1&psz=1228x90&msz=1228x0&fws=4&ohw=1228&ga_vid=1933310523.1721758361&ga_sid=1721758361&ga_hid=952172467&ga_fc=false&td=1&egid=45258&tan=358417f4-acd2-4629-a893-0878550eaf4a&tdf=2&nt=1&psd=WzExLFtdLG51bGwsM10.&dlt=1721758359846&idt=803&ppid=9j5lbnkqh61utj33etdxtzzqpl6ou4l&prev_scp=div%3Ddfp-ad-mid2%26pos%3Dmid2%26format_rules%3Dnoxl%26amznbid%3D1%26amznp%3D1%26hb_format_ix%3Dbanner%26hb_size_ix%3D970x250%26hb_pb_ix%3D0.65%26hb_adid_ix%3D12479a37a5f68aee%26hb_bidder_ix%3Dix%26hb_format_rubicon%3Dbanner%26hb_size_rubicon%3D970x250%26hb_pb_rubicon%3D0.40%26hb_adid_rubicon%3D1210cfcac00f9503%26hb_bidder_rubicon%3Drubicon%26hb_format%3Dbanner%26hb_size%3D970x250%26hb_pb%3D0.65%26hb_adid%3D12479a37a5f68aee%26hb_bidder%3Dix%26hb_format_criteo%3Dbanner%26hb_size_criteo%3D970x250%26hb_pb_criteo%3D0.20%26hb_adid_criteo%3D11192f459ec6aa62%26hb_bidder_criteo%3Dcriteo%26request_time%3D514952&cust_params=als_test_clientside%3Dweb_bigtable_none_20240723181239%26mktg%3Dtype_anon%252Clogf%252Cabt%26bt%3D131947%252C131953%252C132360%252C132361%252C132362%252C132363%252C132365%252C132366%252C132394%252C132395%252C132630%252C132640%252C132668%252C132670%252C173596%252C259%252C282%252C303%252C305%252C497%252C548%26sub%3Danon%26edn%3Dus%26test%3Dprojectvi%26ver%3Dvi%26typ%3Dhp%26prop%3Dnyt%26plat%3Dweb%26abra_dfp%3Ddfp_prebid_0624_1_criteo%26sov%3D3%26page_view_id%3DCiZ6F3_MsiBI3bxn79NLktQz%26purr%3Dfull%26vp%3Dlarge%26uap%3Dbrowser%26cookie%3Dfalse%26gscat%3Dneg_ibmtest%252Cneg_gg1%252Cneg_ibm%252Cneg_chanel%252Cneg_owde%252Cneg_chan2%252Cneg_debeer%252Cneg_citi_aa%252Cneg_hms%252Cneg_google%252Cneg_capitalone%252Cneg_njts%252Cneg_rchmt%252Cpolitics_sentiment%252Cgb_safe_from_high%252Cgs_politics%252Cneg_kaypemg%252Cneg_newyorkp%252Cneg_sub0%252Cneg_mttl%252Cneg_ts%252Cneg_mastercard%252Cneg_bofa%252Cneg_sia%252Cneg_chan3%252Cneg_ihw%252Cgs_predicts_uspoliticselection%252Cneg_mtb%252Cneg_rms%252Cneg_elec%252Cneg_gg2%252Cneg_sabic%252Cneg_hearts%252Cgs_politics_issues_policy%252Cgs_politics_misc%252Cneg_amerex%252Cneg_rolex%252Cneg_ms_safe%252Cneg_am%252Cgs_predicts_olympicsmoments%252Cgs_predicts_legal_industry%252Cgs_predicts_compassion%252Cgs_predicts_technology%252Cgs_politics_american%252Cneg_bp%252Cgs_predicts_veteransservice%252Cgs_predicts_trendingcelebrities%252Cgs_predicts_homeimprovement%252Cgs_homegarden%252Cneg_orep%252Cneg_trpavd%252Cgs_predicts_homeremodeling%252Cgs_predicts_startups%252Cneg_cathay%252Cgs_predicts_marketers%252Cneg_mktg_safe_q4_2019%252Cgs_busfin%252Ccc_business_lead_boards%252Cgs_homegarden_landscaping%252Cgs_predicts_chuseok%252Cneg_racism%252Cneg_ubs%252Cgs_predicts_software_industry%252Cgs_predicts_stylefashion%252Cgs_predicts_golf%252Cneg_msft%252Cgs_predicts_ussports_nbancaabasketball%252Cgs_science_geography%252Cgs_predicts_mlb%252Cgs_event_olympics%252Cgs_predicts_frequenttravelers%252Cgs_predicts_nba%252Cgs_predicts_parentsteachers%252Cneg_rmw%252Cgs_predicts_business_travel%252Cgs_predicts_internationalsports%252Cgs_predicts_tennischampionships%252Cgs_predicts_charity%252Cneg_cme%252Cgs_predicts_fifa%252Cgs_predicts_mensinterests%252Cgs_predicts_retail_industry%252Cgb_sensitive_high_med%252Cgb_sensitive_high_med_low%252Cgb_sensitive_news-ent%252Cneg_mc%252Cgs_predicts_oscarsemmysglobes%252Cgs_predicts_holidayshoppers%252Cgs_predicts_diningindelivery%252Cgs_predicts_travel_by_rail%252Cgs_predicts_millennialmoms%252Cgs_predicts_gettingmarried%252Cgs_predicts_outdoorsinautumn%252Cgs_predicts_musicfestivalsaward%252Cgs_predicts_energy_topics%252Cgs_predicts_blackfridaycybermon%252Cgs_predicts_foodies%252Cgs_predicts_newjob%252Cgs_predicts_worldcup%252Cgv_death_injury%252Cneg_kvue%252Cgs_predicts_savvyshopperscouponing%252Cneg_samsung%252Cgs_predicts_weddings_brides%252Cgs_predicts_singlesday_travel%252Cgs_predicts_teens%252Cgs_predicts_performingarts%252Cgs_predicts_youngwomensinterest%252Cgs_predicts_sbsw_event%252Cgs_predicts_newyearseve%252Cgs_predicts_filmfestivalsawards%252Cgs_predicts_hanukkah%252Cgs_predicts_bussoftwarebuyers%252Cgs_predicts_businessandfinance%252Cgs_predicts_trendingtelevision%252Cgs_predicts_travel%252Cgs_predicts_marchmadness%252Ccc_tech_data%252Cgs_predicts_insurance%252Cgs_t%26ledemedsz%3Dnone%26artlen%3Dshort%26brandsensitive%3Dfalse%26refresh%3Dauto&adks=1191999390&frm=20&eo_id_str=ID%3D6beceef132134417%3AT%3D1721313619%3ART%3D1721758863%3AS%3DAA-AfjbJDksXOXVHGx10C6GxXmLu,resource,514968.90000000596,369.5,515338.40000000596
dfp-ad-mid2-timeReceived,mark,515352.1999999881,,515352.1999999881
dfp-ad-mid2-timeRendered,mark,515361.5,,515361.5
https://1859d7136d6093e5decc4ab7ece67954.safeframe.googlesyndication.com/safeframe/1-0-40/html/container.html,resource,515360.5,2.9000000059604645,515363.40000000596
dfp-ad-bottom-timeCalled,measure,7,515414.2999999821,515421.2999999821
dfp-ad-bottom-timeCallSent,measure,7,515427.6999999881,515434.6999999881
dfp-ad-bottom-timeCalled,mark,515421.2999999821,,515421.2999999821
dfp-ad-bottom-timeCallSent,mark,515434.6999999881,,515434.6999999881
dfp-ad-mid2-timeLoaded,measure,514958.59999999404,521,515479.59999999404
dfp-ad-mid2-timeLoaded,mark,515479.59999999404,,515479.59999999404
https://www.nytimes.com/vi-assets/static-assets/vendors~wellContent-65ca2fd4097f489b38dc.js,resource,515456.1999999881,0.9000000059604645,515457.09999999404
https://www.nytimes.com/vi-assets/static-assets/vendors~audio~byline~capsule~card~cardpanel~clientSideCapsule~collections~explainer~liveAsset~paidpo~3cf6ae2a-3901bdb61562b3afd179.js,resource,515455.90000000596,1.0999999940395355,515457
https://www.nytimes.com/vi-assets/static-assets/wellContent-432d89585b70acd10add.js,resource,515456.2999999821,2.9000000059604645,515459.1999999881
https://gw.geoedge.be/api/init,resource,515488,16.900000005960464,515504.90000000596
dfp-ad-mid1-timeLoaded,measure,514725.40000000596,903.1999999880791,515628.59999999404
dfp-ad-mid1-timeLoaded,mark,515628.59999999404,,515628.59999999404
https://samizdat-graphql.nytimes.com/graphql/v2,resource,515518.59999999404,178.19999998807907,515696.7999999821
,layout-shift,515826.59999999404,,515826.59999999404
https://static01.nyt.com/images/2024/07/22/multimedia/22mideast-crisis-briefing-promo-615pm-kgvc/22mideast-crisis-briefing-promo-615pm-kgvc-threeByTwoSmallAt2X.jpg?quality=75&auto=webp&disable=upscale&width=400,resource,515835.59999999404,20.69999998807907,515856.2999999821
https://static01.nyt.com/images/2024/07/17/multimedia/00menendez-resigns-qvmb/00menendez-resigns-qvmb-threeByTwoSmallAt2X.jpg?quality=75&auto=webp&disable=upscale&width=400,resource,515835.6999999881,21,515856.6999999881
https://static01.nyt.com/images/2024/07/23/multimedia/23election-live-uaw-endorse-02-vlwh/23election-live-uaw-endorse-02-vlwh-threeByTwoSmallAt2X.jpg?quality=75&auto=webp&disable=upscale&width=400,resource,515835.6999999881,26.099999994039536,515861.7999999821
https://static01.nyt.com/images/2024/07/22/nyregion/22ny-collision/22ny-collision-threeByTwoSmallAt2X.jpg?quality=75&auto=webp&disable=upscale&width=400,resource,515835.90000000596,21,515856.90000000596
https://static01.nyt.com/images/2024/07/17/business/00ai-math/00ai-math-threeByTwoSmallAt2X.png?quality=75&auto=webp&disable=upscale&width=400,resource,515835.90000000596,21.5,515857.40000000596
https://static01.nyt.com/images/2024/07/23/business/23META-AI/23META-AI-threeByTwoSmallAt2X.jpg?quality=75&auto=webp&disable=upscale&width=400,resource,515835.90000000596,21.099999994039536,515857
https://static01.nyt.com/images/2024/07/23/science/18tb-pompeii-earthquakes/18tb-pompeii-earthquakes-threeByTwoSmallAt2X.jpg?quality=75&auto=webp&disable=upscale&width=400,resource,515836,39.900000005960464,515875.90000000596
https://static01.nyt.com/images/2024/07/23/the-athletic/tamc-072324-team-usa-KD-debut-1721731351060/tamc-072324-team-usa-KD-debut-1721731351060-threeByTwoSmallAt2X.jpg?quality=75&auto=webp&disable=upscale&width=400,resource,515836,40.79999998211861,515876.7999999821
https://static01.nyt.com/images/2024/07/24/multimedia/22Shapiro-02-hmtb-print2/22Shapiro-02-hmtb-threeByTwoSmallAt2X.jpg?quality=75&auto=webp&disable=upscale&width=400,resource,515836.09999999404,39.900000005960464,515876
https://static01.nyt.com/images/2024/07/16/multimedia/2024-04-09-attention-experiment-index/2024-04-09-attention-experiment-index-threeByTwoSmallAt2X.jpg?quality=75&auto=webp&disable=upscale&width=400,resource,515836.2999999821,40.20000001788139,515876.5
https://static01.nyt.com/images/2024/07/22/climate/00cli-TrumpEVs-02/00cli-TrumpEVs-02-threeByTwoSmallAt2X.jpg?quality=75&auto=webp&disable=upscale&width=400,resource,515836.40000000596,40,515876.40000000596
https://static01.nyt.com/images/2024/06/20/multimedia/00nat-yale-jlqt/00nat-yale-jlqt-threeByTwoSmallAt2X.jpg?quality=75&auto=webp&disable=upscale&width=400,resource,515836.40000000596,41.5,515877.90000000596
https://static01.nyt.com/images/2024/07/17/multimedia/19BIRD-FLU/19BIRD-FLU-threeByTwoSmallAt2X.jpg?quality=75&auto=webp&disable=upscale&width=400,resource,515836.5,59.099999994039536,515895.59999999404
https://static01.nyt.com/images/2024/07/23/multimedia/23a2_insider-qjzc/23a2_insider-qjzc-threeByTwoSmallAt2X.jpg?quality=75&auto=webp&disable=upscale&width=400,resource,515836.5,59.29999998211861,515895.7999999821
https://static01.nyt.com/images/2023/06/14/multimedia/citizen-science-the-joy-of-birding-social/citizen-science-the-joy-of-birding-social-threeByTwoSmallAt2X.jpg?quality=75&auto=webp&disable=upscale&width=400,resource,515836.59999999404,59.30000001192093,515895.90000000596
https://static01.nyt.com/images/2024/07/24/multimedia/24Grose-newsletter-qmlb/24Grose-newsletter-qmlb-threeByTwoSmallAt2X.jpg?quality=75&auto=webp&disable=upscale&width=400,resource,515836.59999999404,59.30000001192093,515895.90000000596
https://static01.nyt.com/images/2024/07/23/opinion/23eks-biden-harris-essay/23eks-biden-harris-essay-threeByTwoSmallAt2X.jpg?quality=75&auto=webp&disable=upscale&width=400,resource,515836.6999999881,59.400000005960464,515896.09999999404
https://static01.nyt.com/images/2024/07/23/opinion/23wegman/23wegman-threeByTwoSmallAt2X.jpg?quality=75&auto=webp&disable=upscale&width=400,resource,515836.7999999821,59.900000005960464,515896.6999999881
https://static01.nyt.com/images/2024/07/23/opinion/23SoltisAnderson-image/23SoltisAnderson-image-threeByTwoSmallAt2X.jpg?quality=75&auto=webp&disable=upscale&width=400,resource,515836.90000000596,74.7999999821186,515911.6999999881
https://static01.nyt.com/images/2024/07/19/multimedia/19valparaiso-art-03-vqwl/19valparaiso-art-03-vqwl-threeByTwoSmallAt2X.jpg?quality=75&auto=webp&disable=upscale&width=400,resource,515837,74.90000000596046,515911.90000000596
https://static01.nyt.com/images/2024/07/21/multimedia/21mccaulley-NEW-lgfk/21mccaulley-NEW-lgfk-threeByTwoSmallAt2X.jpg?quality=75&auto=webp&disable=upscale&width=400,resource,515837,75.69999998807907,515912.6999999881
https://static01.nyt.com/images/2024/07/24/multimedia/23matthew-barney-review-04-vfjh/23matthew-barney-review-04-vfjh-threeByTwoSmallAt2X.jpg?quality=75&auto=webp&disable=upscale&width=400,resource,515837,76,515913
https://static01.nyt.com/images/2024/07/23/multimedia/23barbstar-notebook-kqvz/23barbstar-notebook-kqvz-threeByTwoSmallAt2X.jpg?quality=75&auto=webp&disable=upscale&width=400,resource,515837.09999999404,74.80000001192093,515911.90000000596
https://static01.nyt.com/images/2024/07/22/multimedia/22biden-tv-jkfq/22biden-tv-jkfq-threeByTwoSmallAt2X.jpg?quality=75&auto=webp&disable=upscale&width=400,resource,515837.09999999404,75.80000001192093,515912.90000000596
https://static01.nyt.com/images/2024/07/28/multimedia/28koussevitzky-01-jkbv/28koussevitzky-01-jkbv-threeByTwoSmallAt2X.jpg?quality=75&auto=webp&disable=upscale&width=400,resource,515837.1999999881,93.5,515930.6999999881
https://static01.nyt.com/images/2024/07/23/multimedia/23preexisting-women-01-hgcb/23preexisting-women-01-hgcb-threeByTwoSmallAt2X.jpg?quality=75&auto=webp&disable=upscale&width=400,resource,515837.2999999821,93.5,515930.7999999821
https://static01.nyt.com/images/2024/07/24/multimedia/23art-dance-mglp/23art-dance-mglp-threeByTwoSmallAt2X.jpg?quality=75&auto=webp&disable=upscale&width=400,resource,515837.2999999821,93.60000002384186,515930.90000000596
https://static01.nyt.com/images/2024/07/23/multimedia/23Brottman-Review-zqkl/23Brottman-Review-zqkl-threeByTwoSmallAt2X.jpg?quality=75&auto=webp&disable=upscale&width=400,resource,515837.40000000596,93.59999999403954,515931
https://static01.nyt.com/images/2024/07/23/multimedia/23KHIVE-bmqp/23KHIVE-bmqp-threeByTwoSmallAt2X.jpg?quality=75&auto=webp&disable=upscale&width=400,resource,515837.40000000596,94.19999998807907,515931.59999999404
https://static01.nyt.com/images/2024/07/23/multimedia/23KAMALA-FOOD1-ckvz/23KAMALA-FOOD1-ckvz-threeByTwoSmallAt2X.jpg?quality=75&auto=webp&disable=upscale&width=400,resource,515837.5,94.09999999403954,515931.59999999404
self,longtask,515837.90000000596,87,515924.90000000596
https://static01.nyt.com/images/2024/07/18/multimedia/ASKWELL-BRAIDS-MIGRAINES1-pczl/ASKWELL-BRAIDS-MIGRAINES1-pczl-threeByTwoSmallAt2X.jpg?quality=75&auto=webp&disable=upscale&width=400,resource,515837.5,108.2999999821186,515945.7999999821
https://static01.nyt.com/images/2024/07/28/magazine/28Mag-Cities-01/28Mag-Cities-01-threeByTwoSmallAt2X.jpg?quality=75&auto=webp&disable=upscale&width=400,resource,515837.59999999404,112.19999998807907,515949.7999999821
https://static01.nyt.com/images/2024/07/19/t-magazine/design/19tmag-Haddou-slide-GYKY-copy/19tmag-Haddou-slide-GYKY-threeByTwoSmallAt2X.jpg?quality=75&auto=webp&disable=upscale&width=400,resource,515837.6999999881,116.80000001192093,515954.5
https://static01.nyt.com/images/2024/07/17/multimedia/00Night-train-zmtk/00Night-train-zmtk-threeByTwoSmallAt2X.jpg?quality=75&auto=webp&disable=upscale&width=400,resource,515952.40000000596,16.799999982118607,515969.1999999881
https://static01.nyt.com/images/2024/07/21/multimedia/19VOWS-SCREEN-WRITER-01-wgvp/19VOWS-SCREEN-WRITER-01-wgvp-threeByTwoSmallAt2X.jpg?quality=75&auto=webp&disable=upscale&width=400,resource,515952.5,16.799999982118607,515969.2999999821
https://static01.nyt.com/images/2024/07/22/realestate/oakImage-1721676896000/oakImage-1721676896000-threeByTwoSmallAt2X.jpg?quality=75&auto=webp&disable=upscale&width=400,resource,515952.59999999404,16.80000001192093,515969.40000000596
self,longtask,516011.59999999404,59,516070.59999999404
dfp-ad-mid3-timeReceived,measure,515142.1999999881,936.3000000119209,516078.5
dfp-ad-mid3-timeRendered,measure,515142.1999999881,945.5,516087.6999999881
https://securepubads.g.doubleclick.net/gampad/ads?pvsid=1424150245462613&correlator=1393799930457601&eid=44809527%2C31083340%2C31085490%2C676982996%2C31078664%2C31078665%2C31078668%2C31078670&output=ldjh&gdfp_req=1&vrg=202407220101&ptt=17&impl=fif&iu_parts=29390238%2Cnyt%2Chomepage&enc_prev_ius=%2F0%2F1%2F2&prev_iu_szs=320x50%7C728x90%7C970x90%7C970x250%7C1605x300&fluid=height&ifi=5&sfv=1-0-40&eri=32&sc=1&cookie=ID%3Dddec003deba801c7%3AT%3D1721313619%3ART%3D1721758863%3AS%3DALNI_MZdweIlIfkDK4mqTAC8dIjSWxr1-A&gpic=UID%3D00000e9bbc8eed42%3AT%3D1721313619%3ART%3D1721758863%3AS%3DALNI_MY8Wzg7kXlHJDaC9MrkoY69MxFvxw&abxe=1&dt=1721758874979&lmt=1721757382&adxs=0&adys=8549&biw=1228&bih=959&scr_x=0&scr_y=7218&btvi=3&ucis=4&oid=2&u_his=5&u_h=1117&u_w=1728&u_ah=1085&u_aw=1728&u_cd=30&u_sd=2&u_tz=-240&dmc=8&bc=31&nvt=3&uach=WyJtYWNPUyIsIjE0LjUuMCIsImFybSIsIiIsIjEyNi4wLjY0NzguMTI3IixudWxsLDAsbnVsbCwiNjQiLFtbIk5vdC9BKUJyYW5kIiwiOC4wLjAuMCJdLFsiQ2hyb21pdW0iLCIxMjYuMC42NDc4LjEyNyJdLFsiR29vZ2xlIENocm9tZSIsIjEyNi4wLjY0NzguMTI3Il1dLDBd&url=https%3A%2F%2Fwww.nytimes.com%2F&vis=1&psz=1228x90&msz=1228x0&fws=4&ohw=1228&ga_vid=1933310523.1721758361&ga_sid=1721758361&ga_hid=952172467&ga_fc=false&td=1&egid=45258&tan=358417f4-acd2-4629-a893-0878550eaf4b&tdf=2&nt=1&psd=WzExLFtdLG51bGwsM10.&dlt=1721758359846&idt=803&ppid=9j5lbnkqh61utj33etdxtzzqpl6ou4l&prev_scp=div%3Ddfp-ad-mid3%26pos%3Dmid3%26format_rules%3Dnoxl%26amznbid%3D1%26amznp%3D1%26hb_format_rubicon%3Dbanner%26hb_size_rubicon%3D728x90%26hb_pb_rubicon%3D0.45%26hb_adid_rubicon%3D120a777cc677d2f5%26hb_bidder_rubicon%3Drubicon%26hb_format_pubmatic%3Dbanner%26hb_size_pubmatic%3D728x90%26hb_pb_pubmatic%3D0.40%26hb_adid_pubmatic%3D11656f0ed84dd209%26hb_bidder_pubmatic%3Dpubmatic%26hb_format%3Dbanner%26hb_size%3D728x90%26hb_pb%3D0.45%26hb_adid%3D120a777cc677d2f5%26hb_bidder%3Drubicon%26hb_format_criteo%3Dbanner%26hb_size_criteo%3D970x250%26hb_pb_criteo%3D0.20%26hb_adid_criteo%3D1129a585486c8b39%26hb_bidder_criteo%3Dcriteo%26request_time%3D515135&cust_params=als_test_clientside%3Dweb_bigtable_none_20240723181239%26mktg%3Dtype_anon%252Clogf%252Cabt%26bt%3D131947%252C131953%252C132360%252C132361%252C132362%252C132363%252C132365%252C132366%252C132394%252C132395%252C132630%252C132640%252C132668%252C132670%252C173596%252C259%252C282%252C303%252C305%252C497%252C548%26sub%3Danon%26edn%3Dus%26test%3Dprojectvi%26ver%3Dvi%26typ%3Dhp%26prop%3Dnyt%26plat%3Dweb%26abra_dfp%3Ddfp_prebid_0624_1_criteo%26sov%3D3%26page_view_id%3DCiZ6F3_MsiBI3bxn79NLktQz%26purr%3Dfull%26vp%3Dlarge%26uap%3Dbrowser%26cookie%3Dfalse%26gscat%3Dneg_ibmtest%252Cneg_gg1%252Cneg_ibm%252Cneg_chanel%252Cneg_owde%252Cneg_chan2%252Cneg_debeer%252Cneg_citi_aa%252Cneg_hms%252Cneg_google%252Cneg_capitalone%252Cneg_njts%252Cneg_rchmt%252Cpolitics_sentiment%252Cgb_safe_from_high%252Cgs_politics%252Cneg_kaypemg%252Cneg_newyorkp%252Cneg_sub0%252Cneg_mttl%252Cneg_ts%252Cneg_mastercard%252Cneg_bofa%252Cneg_sia%252Cneg_chan3%252Cneg_ihw%252Cgs_predicts_uspoliticselection%252Cneg_mtb%252Cneg_rms%252Cneg_elec%252Cneg_gg2%252Cneg_sabic%252Cneg_hearts%252Cgs_politics_issues_policy%252Cgs_politics_misc%252Cneg_amerex%252Cneg_rolex%252Cneg_ms_safe%252Cneg_am%252Cgs_predicts_olympicsmoments%252Cgs_predicts_legal_industry%252Cgs_predicts_compassion%252Cgs_predicts_technology%252Cgs_politics_american%252Cneg_bp%252Cgs_predicts_veteransservice%252Cgs_predicts_trendingcelebrities%252Cgs_predicts_homeimprovement%252Cgs_homegarden%252Cneg_orep%252Cneg_trpavd%252Cgs_predicts_homeremodeling%252Cgs_predicts_startups%252Cneg_cathay%252Cgs_predicts_marketers%252Cneg_mktg_safe_q4_2019%252Cgs_busfin%252Ccc_business_lead_boards%252Cgs_homegarden_landscaping%252Cgs_predicts_chuseok%252Cneg_racism%252Cneg_ubs%252Cgs_predicts_software_industry%252Cgs_predicts_stylefashion%252Cgs_predicts_golf%252Cneg_msft%252Cgs_predicts_ussports_nbancaabasketball%252Cgs_science_geography%252Cgs_predicts_mlb%252Cgs_event_olympics%252Cgs_predicts_frequenttravelers%252Cgs_predicts_nba%252Cgs_predicts_parentsteachers%252Cneg_rmw%252Cgs_predicts_business_travel%252Cgs_predicts_internationalsports%252Cgs_predicts_tennischampionships%252Cgs_predicts_charity%252Cneg_cme%252Cgs_predicts_fifa%252Cgs_predicts_mensinterests%252Cgs_predicts_retail_industry%252Cgb_sensitive_high_med%252Cgb_sensitive_high_med_low%252Cgb_sensitive_news-ent%252Cneg_mc%252Cgs_predicts_oscarsemmysglobes%252Cgs_predicts_holidayshoppers%252Cgs_predicts_diningindelivery%252Cgs_predicts_travel_by_rail%252Cgs_predicts_millennialmoms%252Cgs_predicts_gettingmarried%252Cgs_predicts_outdoorsinautumn%252Cgs_predicts_musicfestivalsaward%252Cgs_predicts_energy_topics%252Cgs_predicts_blackfridaycybermon%252Cgs_predicts_foodies%252Cgs_predicts_newjob%252Cgs_predicts_worldcup%252Cgv_death_injury%252Cneg_kvue%252Cgs_predicts_savvyshopperscouponing%252Cneg_samsung%252Cgs_predicts_weddings_brides%252Cgs_predicts_singlesday_travel%252Cgs_predicts_teens%252Cgs_predicts_performingarts%252Cgs_predicts_youngwomensinterest%252Cgs_predicts_sbsw_event%252Cgs_predicts_newyearseve%252Cgs_predicts_filmfestivalsawards%252Cgs_predicts_hanukkah%252Cgs_predicts_bussoftwarebuyers%252Cgs_predicts_businessandfinance%252Cgs_predicts_trendingtelevision%252Cgs_predicts_travel%252Cgs_predicts_marchmadness%252Ccc_tech_data%252Cgs_predicts_insurance%252Cgs_t%26ledemedsz%3Dnone%26artlen%3Dshort%26brandsensitive%3Dfalse%26refresh%3Dauto&adks=1809501303&frm=20&eo_id_str=ID%3D6beceef132134417%3AT%3D1721313619%3ART%3D1721758863%3AS%3DAA-AfjbJDksXOXVHGx10C6GxXmLu,resource,515153.2999999821,922.4000000059605,516075.6999999881
dfp-ad-mid3-timeReceived,mark,516078.5,,516078.5
dfp-ad-mid3-timeRendered,mark,516087.6999999881,,516087.6999999881
https://gw.geoedge.be/api/init,resource,516172.7999999821,18.80000001192093,516191.59999999404
https://www.nytimes.com/vi-assets/static-assets/defaultSiteIndexData-e6fbf2778f6b6dc44ddf.js,resource,516219.2999999821,1.100000023841858,516220.40000000596
https://www.nytimes.com/vi-assets/static-assets/siteIndexContent-40f68d098aba3814d468.js,resource,516224.6999999881,1,516225.6999999881
,layout-shift,516239.7999999821,,516239.7999999821
dfp-ad-mid3-timeLoaded,measure,515142.1999999881,1149.5999999940395,516291.7999999821
dfp-ad-mid3-timeLoaded,mark,516291.7999999821,,516291.7999999821
dfp-ad-bottom-timeReceived,measure,515421.2999999821,1178.300000011921,516599.59999999404
dfp-ad-bottom-timeRendered,measure,515421.2999999821,1186.7000000178814,516608
https://securepubads.g.doubleclick.net/gampad/ads?pvsid=1424150245462613&correlator=1393799930457601&eid=44809527%2C31083340%2C31085490%2C676982996%2C31078664%2C31078665%2C31078668%2C31078670&output=ldjh&gdfp_req=1&vrg=202407220101&ptt=17&impl=fif&iu_parts=29390238%2Cnyt%2Chomepage&enc_prev_ius=%2F0%2F1%2F2&prev_iu_szs=320x50%7C728x90%7C970x90%7C970x250%7C1605x300&fluid=height&ifi=6&sfv=1-0-40&eri=32&sc=1&cookie=ID%3Dddec003deba801c7%3AT%3D1721313619%3ART%3D1721758863%3AS%3DALNI_MZdweIlIfkDK4mqTAC8dIjSWxr1-A&gpic=UID%3D00000e9bbc8eed42%3AT%3D1721313619%3ART%3D1721758863%3AS%3DALNI_MY8Wzg7kXlHJDaC9MrkoY69MxFvxw&abxe=1&dt=1721758875258&lmt=1721757382&adxs=0&adys=9657&biw=1228&bih=959&scr_x=0&scr_y=8582&btvi=4&ucis=5&oid=2&u_his=5&u_h=1117&u_w=1728&u_ah=1085&u_aw=1728&u_cd=30&u_sd=2&u_tz=-240&dmc=8&bc=31&nvt=3&uach=WyJtYWNPUyIsIjE0LjUuMCIsImFybSIsIiIsIjEyNi4wLjY0NzguMTI3IixudWxsLDAsbnVsbCwiNjQiLFtbIk5vdC9BKUJyYW5kIiwiOC4wLjAuMCJdLFsiQ2hyb21pdW0iLCIxMjYuMC42NDc4LjEyNyJdLFsiR29vZ2xlIENocm9tZSIsIjEyNi4wLjY0NzguMTI3Il1dLDBd&url=https%3A%2F%2Fwww.nytimes.com%2F&vis=1&psz=1228x90&msz=1228x0&fws=4&ohw=1228&psts=AOrYGslTZeVfL0ttV5LHxob5UMvllE21gJ-OiHFbJEscG0vGg94GijldwJ26b1ShpgZZAnvdX8Vpvz9Zt4jQoRX3WGI&ga_vid=1933310523.1721758361&ga_sid=1721758361&ga_hid=952172467&ga_fc=false&td=1&egid=45258&tan=358417f4-acd2-4629-a893-0878550eaf4c&tdf=2&nt=1&psd=WzExLFtdLG51bGwsM10.&dlt=1721758359846&idt=803&ppid=9j5lbnkqh61utj33etdxtzzqpl6ou4l&prev_scp=div%3Ddfp-ad-bottom%26pos%3Dbottom%26format_rules%3Dnoxl%26amznbid%3D1%26amznp%3D1%26hb_format%3Dbanner%26hb_size%3D970x250%26hb_pb%3D0.15%26hb_adid%3D113e7978fde770d8%26hb_bidder%3Dcriteo%26hb_format_criteo%3Dbanner%26hb_size_criteo%3D970x250%26hb_pb_criteo%3D0.15%26hb_adid_criteo%3D113e7978fde770d8%26hb_bidder_criteo%3Dcriteo%26request_time%3D515414&cust_params=als_test_clientside%3Dweb_bigtable_none_20240723181239%26mktg%3Dtype_anon%252Clogf%252Cabt%26bt%3D131947%252C131953%252C132360%252C132361%252C132362%252C132363%252C132365%252C132366%252C132394%252C132395%252C132630%252C132640%252C132668%252C132670%252C173596%252C259%252C282%252C303%252C305%252C497%252C548%26sub%3Danon%26edn%3Dus%26test%3Dprojectvi%26ver%3Dvi%26typ%3Dhp%26prop%3Dnyt%26plat%3Dweb%26abra_dfp%3Ddfp_prebid_0624_1_criteo%26sov%3D3%26page_view_id%3DCiZ6F3_MsiBI3bxn79NLktQz%26purr%3Dfull%26vp%3Dlarge%26uap%3Dbrowser%26cookie%3Dfalse%26gscat%3Dneg_ibmtest%252Cneg_gg1%252Cneg_ibm%252Cneg_chanel%252Cneg_owde%252Cneg_chan2%252Cneg_debeer%252Cneg_citi_aa%252Cneg_hms%252Cneg_google%252Cneg_capitalone%252Cneg_njts%252Cneg_rchmt%252Cpolitics_sentiment%252Cgb_safe_from_high%252Cgs_politics%252Cneg_kaypemg%252Cneg_newyorkp%252Cneg_sub0%252Cneg_mttl%252Cneg_ts%252Cneg_mastercard%252Cneg_bofa%252Cneg_sia%252Cneg_chan3%252Cneg_ihw%252Cgs_predicts_uspoliticselection%252Cneg_mtb%252Cneg_rms%252Cneg_elec%252Cneg_gg2%252Cneg_sabic%252Cneg_hearts%252Cgs_politics_issues_policy%252Cgs_politics_misc%252Cneg_amerex%252Cneg_rolex%252Cneg_ms_safe%252Cneg_am%252Cgs_predicts_olympicsmoments%252Cgs_predicts_legal_industry%252Cgs_predicts_compassion%252Cgs_predicts_technology%252Cgs_politics_american%252Cneg_bp%252Cgs_predicts_veteransservice%252Cgs_predicts_trendingcelebrities%252Cgs_predicts_homeimprovement%252Cgs_homegarden%252Cneg_orep%252Cneg_trpavd%252Cgs_predicts_homeremodeling%252Cgs_predicts_startups%252Cneg_cathay%252Cgs_predicts_marketers%252Cneg_mktg_safe_q4_2019%252Cgs_busfin%252Ccc_business_lead_boards%252Cgs_homegarden_landscaping%252Cgs_predicts_chuseok%252Cneg_racism%252Cneg_ubs%252Cgs_predicts_software_industry%252Cgs_predicts_stylefashion%252Cgs_predicts_golf%252Cneg_msft%252Cgs_predicts_ussports_nbancaabasketball%252Cgs_science_geography%252Cgs_predicts_mlb%252Cgs_event_olympics%252Cgs_predicts_frequenttravelers%252Cgs_predicts_nba%252Cgs_predicts_parentsteachers%252Cneg_rmw%252Cgs_predicts_business_travel%252Cgs_predicts_internationalsports%252Cgs_predicts_tennischampionships%252Cgs_predicts_charity%252Cneg_cme%252Cgs_predicts_fifa%252Cgs_predicts_mensinterests%252Cgs_predicts_retail_industry%252Cgb_sensitive_high_med%252Cgb_sensitive_high_med_low%252Cgb_sensitive_news-ent%252Cneg_mc%252Cgs_predicts_oscarsemmysglobes%252Cgs_predicts_holidayshoppers%252Cgs_predicts_diningindelivery%252Cgs_predicts_travel_by_rail%252Cgs_predicts_millennialmoms%252Cgs_predicts_gettingmarried%252Cgs_predicts_outdoorsinautumn%252Cgs_predicts_musicfestivalsaward%252Cgs_predicts_energy_topics%252Cgs_predicts_blackfridaycybermon%252Cgs_predicts_foodies%252Cgs_predicts_newjob%252Cgs_predicts_worldcup%252Cgv_death_injury%252Cneg_kvue%252Cgs_predicts_savvyshopperscouponing%252Cneg_samsung%252Cgs_predicts_weddings_brides%252Cgs_predicts_singlesday_travel%252Cgs_predicts_teens%252Cgs_predicts_performingarts%252Cgs_predicts_youngwomensinterest%252Cgs_predicts_sbsw_event%252Cgs_predicts_newyearseve%252Cgs_predicts_filmfestivalsawards%252Cgs_predicts_hanukkah%252Cgs_predicts_bussoftwarebuyers%252Cgs_predicts_businessandfinance%252Cgs_predicts_trendingtelevision%252Cgs_predicts_travel%252Cgs_predicts_marchmadness%252Ccc_tech_data%252Cgs_predicts_insurance%252Cgs_t%26ledemedsz%3Dnone%26artlen%3Dshort%26brandsensitive%3Dfalse%26refresh%3Dauto&adks=803994250&frm=20&eo_id_str=ID%3D6beceef132134417%3AT%3D1721313619%3ART%3D1721758863%3AS%3DAA-AfjbJDksXOXVHGx10C6GxXmLu,resource,515434.40000000596,1163.3999999761581,516597.7999999821
dfp-ad-bottom-timeReceived,mark,516599.59999999404,,516599.59999999404
dfp-ad-bottom-timeRendered,mark,516608,,516608
https://1859d7136d6093e5decc4ab7ece67954.safeframe.googlesyndication.com/safeframe/1-0-40/html/container.html,resource,516606.90000000596,4.299999982118607,516611.1999999881
https://a.et.nytimes.com/track,resource,516513.5,106.09999999403954,516619.59999999404
dfp-ad-bottom-timeLoaded,measure,515421.2999999821,1229.1000000238419,516650.40000000596
dfp-ad-bottom-timeLoaded,mark,516650.40000000596,,516650.40000000596
dfp-ad-bottom-timeCallSent,measure,7,516659.2999999821,516666.2999999821
dfp-ad-bottom-timeCallSent,mark,516666.2999999821,,516666.2999999821
https://gw.geoedge.be/api/init,resource,516672.7999999821,19.100000023841858,516691.90000000596
https://gw.geoedge.be/api/report,resource,516674.90000000596,134.59999999403954,516809.5
dfp-ad-bottom-timeReceived,measure,515421.2999999821,1840.2000000178814,517261.5
dfp-ad-bottom-timeRendered,measure,515421.2999999821,1848.6000000238419,517269.90000000596
https://securepubads.g.doubleclick.net/gampad/ads?pvsid=1424150245462613&correlator=2175577461637181&eid=44809527%2C31083340%2C31085490%2C676982996%2C31078664%2C31078665%2C31078668%2C31078670&output=ldjh&gdfp_req=1&vrg=202407220101&ptt=17&impl=fif&iu_parts=29390238%2Cnyt%2Chomepage&enc_prev_ius=%2F0%2F1%2F2&prev_iu_szs=320x50%7C728x90%7C970x90%7C970x250%7C1605x300&fluid=height&ifi=7&sfv=1-0-40&rcs=1&eri=33&sc=1&cookie=ID%3Dddec003deba801c7%3AT%3D1721313619%3ART%3D1721758863%3AS%3DALNI_MZdweIlIfkDK4mqTAC8dIjSWxr1-A&gpic=UID%3D00000e9bbc8eed42%3AT%3D1721313619%3ART%3D1721758863%3AS%3DALNI_MY8Wzg7kXlHJDaC9MrkoY69MxFvxw&abxe=1&dt=1721758876491&lmt=1721757382&adxs=0&adys=9688&biw=1228&bih=959&scr_x=0&scr_y=11656&btvi=0&ucis=5&oid=2&u_his=5&u_h=1117&u_w=1728&u_ah=1085&u_aw=1728&u_cd=30&u_sd=2&u_tz=-240&dmc=8&bc=31&nvt=3&uach=WyJtYWNPUyIsIjE0LjUuMCIsImFybSIsIiIsIjEyNi4wLjY0NzguMTI3IixudWxsLDAsbnVsbCwiNjQiLFtbIk5vdC9BKUJyYW5kIiwiOC4wLjAuMCJdLFsiQ2hyb21pdW0iLCIxMjYuMC42NDc4LjEyNyJdLFsiR29vZ2xlIENocm9tZSIsIjEyNi4wLjY0NzguMTI3Il1dLDBd&url=https%3A%2F%2Fwww.nytimes.com%2F&vis=1&psz=1228x281&msz=1228x250&fws=4&ohw=1228&psts=AOrYGslTZeVfL0ttV5LHxob5UMvllE21gJ-OiHFbJEscG0vGg94GijldwJ26b1ShpgZZAnvdX8Vpvz9Zt4jQoRX3WGI&ga_vid=1933310523.1721758361&ga_sid=1721758361&ga_hid=952172467&ga_fc=false&td=1&egid=45258&tan=358417f4-acd2-4629-a893-0878550eaf4d&tdf=2&nt=1&psd=WzExLFtdLG51bGwsM10.&dlt=1721758359846&idt=803&ppid=9j5lbnkqh61utj33etdxtzzqpl6ou4l&prev_scp=div%3Ddfp-ad-bottom%26pos%3Dbottom%26format_rules%3Dnoxl%26hb_format%3Dbanner%26hb_size%3D970x250%26hb_pb%3D0.15%26hb_adid%3D113e7978fde770d8%26hb_bidder%3Dcriteo%26hb_format_criteo%3Dbanner%26hb_size_criteo%3D970x250%26hb_pb_criteo%3D0.15%26hb_adid_criteo%3D113e7978fde770d8%26hb_bidder_criteo%3Dcriteo%26request_time%3D515414%26blocked_by_ge%3D1&cust_params=als_test_clientside%3Dweb_bigtable_none_20240723181239%26mktg%3Dtype_anon%252Clogf%252Cabt%26bt%3D131947%252C131953%252C132360%252C132361%252C132362%252C132363%252C132365%252C132366%252C132394%252C132395%252C132630%252C132640%252C132668%252C132670%252C173596%252C259%252C282%252C303%252C305%252C497%252C548%26sub%3Danon%26edn%3Dus%26test%3Dprojectvi%26ver%3Dvi%26typ%3Dhp%26prop%3Dnyt%26plat%3Dweb%26abra_dfp%3Ddfp_prebid_0624_1_criteo%26sov%3D3%26page_view_id%3DCiZ6F3_MsiBI3bxn79NLktQz%26purr%3Dfull%26vp%3Dlarge%26uap%3Dbrowser%26cookie%3Dfalse%26gscat%3Dneg_ibmtest%252Cneg_gg1%252Cneg_ibm%252Cneg_chanel%252Cneg_owde%252Cneg_chan2%252Cneg_debeer%252Cneg_citi_aa%252Cneg_hms%252Cneg_google%252Cneg_capitalone%252Cneg_njts%252Cneg_rchmt%252Cpolitics_sentiment%252Cgb_safe_from_high%252Cgs_politics%252Cneg_kaypemg%252Cneg_newyorkp%252Cneg_sub0%252Cneg_mttl%252Cneg_ts%252Cneg_mastercard%252Cneg_bofa%252Cneg_sia%252Cneg_chan3%252Cneg_ihw%252Cgs_predicts_uspoliticselection%252Cneg_mtb%252Cneg_rms%252Cneg_elec%252Cneg_gg2%252Cneg_sabic%252Cneg_hearts%252Cgs_politics_issues_policy%252Cgs_politics_misc%252Cneg_amerex%252Cneg_rolex%252Cneg_ms_safe%252Cneg_am%252Cgs_predicts_olympicsmoments%252Cgs_predicts_legal_industry%252Cgs_predicts_compassion%252Cgs_predicts_technology%252Cgs_politics_american%252Cneg_bp%252Cgs_predicts_veteransservice%252Cgs_predicts_trendingcelebrities%252Cgs_predicts_homeimprovement%252Cgs_homegarden%252Cneg_orep%252Cneg_trpavd%252Cgs_predicts_homeremodeling%252Cgs_predicts_startups%252Cneg_cathay%252Cgs_predicts_marketers%252Cneg_mktg_safe_q4_2019%252Cgs_busfin%252Ccc_business_lead_boards%252Cgs_homegarden_landscaping%252Cgs_predicts_chuseok%252Cneg_racism%252Cneg_ubs%252Cgs_predicts_software_industry%252Cgs_predicts_stylefashion%252Cgs_predicts_golf%252Cneg_msft%252Cgs_predicts_ussports_nbancaabasketball%252Cgs_science_geography%252Cgs_predicts_mlb%252Cgs_event_olympics%252Cgs_predicts_frequenttravelers%252Cgs_predicts_nba%252Cgs_predicts_parentsteachers%252Cneg_rmw%252Cgs_predicts_business_travel%252Cgs_predicts_internationalsports%252Cgs_predicts_tennischampionships%252Cgs_predicts_charity%252Cneg_cme%252Cgs_predicts_fifa%252Cgs_predicts_mensinterests%252Cgs_predicts_retail_industry%252Cgb_sensitive_high_med%252Cgb_sensitive_high_med_low%252Cgb_sensitive_news-ent%252Cneg_mc%252Cgs_predicts_oscarsemmysglobes%252Cgs_predicts_holidayshoppers%252Cgs_predicts_diningindelivery%252Cgs_predicts_travel_by_rail%252Cgs_predicts_millennialmoms%252Cgs_predicts_gettingmarried%252Cgs_predicts_outdoorsinautumn%252Cgs_predicts_musicfestivalsaward%252Cgs_predicts_energy_topics%252Cgs_predicts_blackfridaycybermon%252Cgs_predicts_foodies%252Cgs_predicts_newjob%252Cgs_predicts_worldcup%252Cgv_death_injury%252Cneg_kvue%252Cgs_predicts_savvyshopperscouponing%252Cneg_samsung%252Cgs_predicts_weddings_brides%252Cgs_predicts_singlesday_travel%252Cgs_predicts_teens%252Cgs_predicts_performingarts%252Cgs_predicts_youngwomensinterest%252Cgs_predicts_sbsw_event%252Cgs_predicts_newyearseve%252Cgs_predicts_filmfestivalsawards%252Cgs_predicts_hanukkah%252Cgs_predicts_bussoftwarebuyers%252Cgs_predicts_businessandfinance%252Cgs_predicts_trendingtelevision%252Cgs_predicts_travel%252Cgs_predicts_marchmadness%252Ccc_tech_data%252Cgs_predicts_insurance%252Cgs_t%26ledemedsz%3Dnone%26artlen%3Dshort%26brandsensitive%3Dfalse%26refresh%3Dauto&adks=803994250&frm=20&eo_id_str=ID%3D6beceef132134417%3AT%3D1721313619%3ART%3D1721758863%3AS%3DAA-AfjbJDksXOXVHGx10C6GxXmLu,resource,516666,593.7999999821186,517259.7999999821
dfp-ad-bottom-timeReceived,mark,517261.5,,517261.5
dfp-ad-bottom-timeRendered,mark,517269.90000000596,,517269.90000000596
https://1859d7136d6093e5decc4ab7ece67954.safeframe.googlesyndication.com/safeframe/1-0-40/html/container.html,resource,517268.6999999881,4.4000000059604645,517273.09999999404
dfp-ad-bottom-timeLoaded,measure,515421.2999999821,1890.300000011921,517311.59999999404
dfp-ad-bottom-timeLoaded,mark,517311.59999999404,,517311.59999999404
https://gw.geoedge.be/api/init,resource,517321.1999999881,19,517340.1999999881
https://gw.geoedge.be/api/report,resource,517323.40000000596,93.59999999403954,517417
dfp-ad-bottom-timeCallSent,measure,7,517660.40000000596,517667.40000000596
dfp-ad-bottom-timeCallSent,mark,517667.40000000596,,517667.40000000596
dfp-ad-bottom-timeReceived,measure,515421.2999999821,2832.7000000178814,518254
dfp-ad-bottom-timeRendered,measure,515421.2999999821,2842.2000000178814,518263.5
https://securepubads.g.doubleclick.net/gampad/ads?pvsid=1424150245462613&correlator=146932446078832&eid=44809527%2C31083340%2C31085490%2C676982996%2C31078664%2C31078665%2C31078668%2C31078670&output=ldjh&gdfp_req=1&vrg=202407220101&ptt=17&impl=fif&iu_parts=29390238%2Cnyt%2Chomepage&enc_prev_ius=%2F0%2F1%2F2&prev_iu_szs=320x50%7C728x90%7C970x90%7C970x250%7C1605x300&fluid=height&ifi=8&sfv=1-0-40&rcs=2&eri=33&sc=1&cookie=ID%3Dddec003deba801c7%3AT%3D1721313619%3ART%3D1721758863%3AS%3DALNI_MZdweIlIfkDK4mqTAC8dIjSWxr1-A&gpic=UID%3D00000e9bbc8eed42%3AT%3D1721313619%3ART%3D1721758863%3AS%3DALNI_MY8Wzg7kXlHJDaC9MrkoY69MxFvxw&abxe=1&dt=1721758877492&lmt=1721757382&adxs=0&adys=9688&biw=1228&bih=959&scr_x=0&scr_y=5454&btvi=5&ucis=5&oid=2&u_his=5&u_h=1117&u_w=1728&u_ah=1085&u_aw=1728&u_cd=30&u_sd=2&u_tz=-240&dmc=8&bc=31&nvt=3&uach=WyJtYWNPUyIsIjE0LjUuMCIsImFybSIsIiIsIjEyNi4wLjY0NzguMTI3IixudWxsLDAsbnVsbCwiNjQiLFtbIk5vdC9BKUJyYW5kIiwiOC4wLjAuMCJdLFsiQ2hyb21pdW0iLCIxMjYuMC42NDc4LjEyNyJdLFsiR29vZ2xlIENocm9tZSIsIjEyNi4wLjY0NzguMTI3Il1dLDBd&url=https%3A%2F%2Fwww.nytimes.com%2F&vis=1&psz=1228x281&msz=1228x250&fws=4&ohw=1228&psts=AOrYGslTZeVfL0ttV5LHxob5UMvllE21gJ-OiHFbJEscG0vGg94GijldwJ26b1ShpgZZAnvdX8Vpvz9Zt4jQoRX3WGI&ga_vid=1933310523.1721758361&ga_sid=1721758361&ga_hid=952172467&ga_fc=false&td=1&egid=45258&tan=358417f4-acd2-4629-a893-0878550eaf4e&tdf=2&nt=1&psd=WzExLFtdLG51bGwsM10.&dlt=1721758359846&idt=803&ppid=9j5lbnkqh61utj33etdxtzzqpl6ou4l&prev_scp=div%3Ddfp-ad-bottom%26pos%3Dbottom%26format_rules%3Dnoxl%26hb_format%3Dbanner%26hb_size%3D970x250%26hb_pb%3D0.15%26hb_adid%3D113e7978fde770d8%26hb_bidder%3Dcriteo%26hb_format_criteo%3Dbanner%26hb_size_criteo%3D970x250%26hb_pb_criteo%3D0.15%26hb_adid_criteo%3D113e7978fde770d8%26hb_bidder_criteo%3Dcriteo%26request_time%3D515414%26blocked_by_ge%3D2&cust_params=als_test_clientside%3Dweb_bigtable_none_20240723181239%26mktg%3Dtype_anon%252Clogf%252Cabt%26bt%3D131947%252C131953%252C132360%252C132361%252C132362%252C132363%252C132365%252C132366%252C132394%252C132395%252C132630%252C132640%252C132668%252C132670%252C173596%252C259%252C282%252C303%252C305%252C497%252C548%26sub%3Danon%26edn%3Dus%26test%3Dprojectvi%26ver%3Dvi%26typ%3Dhp%26prop%3Dnyt%26plat%3Dweb%26abra_dfp%3Ddfp_prebid_0624_1_criteo%26sov%3D3%26page_view_id%3DCiZ6F3_MsiBI3bxn79NLktQz%26purr%3Dfull%26vp%3Dlarge%26uap%3Dbrowser%26cookie%3Dfalse%26gscat%3Dneg_ibmtest%252Cneg_gg1%252Cneg_ibm%252Cneg_chanel%252Cneg_owde%252Cneg_chan2%252Cneg_debeer%252Cneg_citi_aa%252Cneg_hms%252Cneg_google%252Cneg_capitalone%252Cneg_njts%252Cneg_rchmt%252Cpolitics_sentiment%252Cgb_safe_from_high%252Cgs_politics%252Cneg_kaypemg%252Cneg_newyorkp%252Cneg_sub0%252Cneg_mttl%252Cneg_ts%252Cneg_mastercard%252Cneg_bofa%252Cneg_sia%252Cneg_chan3%252Cneg_ihw%252Cgs_predicts_uspoliticselection%252Cneg_mtb%252Cneg_rms%252Cneg_elec%252Cneg_gg2%252Cneg_sabic%252Cneg_hearts%252Cgs_politics_issues_policy%252Cgs_politics_misc%252Cneg_amerex%252Cneg_rolex%252Cneg_ms_safe%252Cneg_am%252Cgs_predicts_olympicsmoments%252Cgs_predicts_legal_industry%252Cgs_predicts_compassion%252Cgs_predicts_technology%252Cgs_politics_american%252Cneg_bp%252Cgs_predicts_veteransservice%252Cgs_predicts_trendingcelebrities%252Cgs_predicts_homeimprovement%252Cgs_homegarden%252Cneg_orep%252Cneg_trpavd%252Cgs_predicts_homeremodeling%252Cgs_predicts_startups%252Cneg_cathay%252Cgs_predicts_marketers%252Cneg_mktg_safe_q4_2019%252Cgs_busfin%252Ccc_business_lead_boards%252Cgs_homegarden_landscaping%252Cgs_predicts_chuseok%252Cneg_racism%252Cneg_ubs%252Cgs_predicts_software_industry%252Cgs_predicts_stylefashion%252Cgs_predicts_golf%252Cneg_msft%252Cgs_predicts_ussports_nbancaabasketball%252Cgs_science_geography%252Cgs_predicts_mlb%252Cgs_event_olympics%252Cgs_predicts_frequenttravelers%252Cgs_predicts_nba%252Cgs_predicts_parentsteachers%252Cneg_rmw%252Cgs_predicts_business_travel%252Cgs_predicts_internationalsports%252Cgs_predicts_tennischampionships%252Cgs_predicts_charity%252Cneg_cme%252Cgs_predicts_fifa%252Cgs_predicts_mensinterests%252Cgs_predicts_retail_industry%252Cgb_sensitive_high_med%252Cgb_sensitive_high_med_low%252Cgb_sensitive_news-ent%252Cneg_mc%252Cgs_predicts_oscarsemmysglobes%252Cgs_predicts_holidayshoppers%252Cgs_predicts_diningindelivery%252Cgs_predicts_travel_by_rail%252Cgs_predicts_millennialmoms%252Cgs_predicts_gettingmarried%252Cgs_predicts_outdoorsinautumn%252Cgs_predicts_musicfestivalsaward%252Cgs_predicts_energy_topics%252Cgs_predicts_blackfridaycybermon%252Cgs_predicts_foodies%252Cgs_predicts_newjob%252Cgs_predicts_worldcup%252Cgv_death_injury%252Cneg_kvue%252Cgs_predicts_savvyshopperscouponing%252Cneg_samsung%252Cgs_predicts_weddings_brides%252Cgs_predicts_singlesday_travel%252Cgs_predicts_teens%252Cgs_predicts_performingarts%252Cgs_predicts_youngwomensinterest%252Cgs_predicts_sbsw_event%252Cgs_predicts_newyearseve%252Cgs_predicts_filmfestivalsawards%252Cgs_predicts_hanukkah%252Cgs_predicts_bussoftwarebuyers%252Cgs_predicts_businessandfinance%252Cgs_predicts_trendingtelevision%252Cgs_predicts_travel%252Cgs_predicts_marchmadness%252Ccc_tech_data%252Cgs_predicts_insurance%252Cgs_t%26ledemedsz%3Dnone%26artlen%3Dshort%26brandsensitive%3Dfalse%26refresh%3Dauto&adks=803994250&frm=20&eo_id_str=ID%3D6beceef132134417%3AT%3D1721313619%3ART%3D1721758863%3AS%3DAA-AfjbJDksXOXVHGx10C6GxXmLu,resource,517667.09999999404,584.6999999880791,518251.7999999821
dfp-ad-bottom-timeReceived,mark,518254,,518254
dfp-ad-bottom-timeRendered,mark,518263.5,,518263.5
https://1859d7136d6093e5decc4ab7ece67954.safeframe.googlesyndication.com/safeframe/1-0-40/html/container.html,resource,518262.2999999821,5.300000011920929,518267.59999999404
dfp-ad-bottom-timeLoaded,measure,515421.2999999821,2888.100000023842,518309.40000000596
dfp-ad-bottom-timeLoaded,mark,518309.40000000596,,518309.40000000596
https://gw.geoedge.be/api/init,resource,518319,16.099999994039536,518335.09999999404
https://gw.geoedge.be/api/report,resource,518320.7999999821,103.30000001192093,518424.09999999404
dfp-ad-bottom-timeCallSent,measure,7,518661.2999999821,518668.2999999821
dfp-ad-bottom-timeCallSent,mark,518668.2999999821,,518668.2999999821
https://a.et.nytimes.com/track,resource,518687.59999999404,62.69999998807907,518750.2999999821
https://a.et.nytimes.com/track,resource,518701.59999999404,54.400000005960464,518756
https://pnytimes.chartbeat.net/ping?h=video%40nytimes.com&g=16698&p=https%3A%2F%2Fvp.nyt.com%2Fvideo%2F2024%2F07%2F23%2F121254_1_22vid-harris-campaign_wg_1080p.mp4&i=&g0=Homepage&u=CpjfWDBDI8-9CeK5Mn&t=TCcwXC3xgA8C9Gr7QCzm5LCKnOxS&x=0&y=0&V=147&VS=H5&n=0&b=1134&_vd=46410&_vi=The%20New%20York%20Times%20-%20Breaking%20News%2C%20US%20News%2C%20World%20News%20and%20Videos&_vp=nytimes.com%2F&_vh=nytimes.com&_pu=DL5WfiBH3pv6BjD-7W&_pt=C1aIGSDtGrmCVH2LzBzIb3yCa7sym&_pv=https%3A%2F%2Fnytimes.com%2F&_vdd=nytimes.com&_vt=ct&_vs=s2&_vcs=1&_vbr=-1&_vvs=517.605&_vpt=19929&_vaup=man&_vce=22&c=8.63&W=0&R=1&I=0&E=22&j=20&tz=240&_,resource,518734.59999999404,23.599999994039536,518758.1999999881
https://pnytimes.chartbeat.net/ping?h=video%40nytimes.com&g=16698&p=https%3A%2F%2Fvp.nyt.com%2Fvideo%2F2024%2F07%2F17%2F120988_1_18WORKOUT-FOOT-TOE-STRENGTH6_wg_720p.mp4&i=&g0=Homepage&u=CpjfWDBDI8-9CeK5Mn&t=BC7DGuBJqxaoDcZoyLBGORIvDGcTqK&x=0&y=0&V=147&VS=H5&n=0&b=2503&_vd=16808&_vi=The%20New%20York%20Times%20-%20Breaking%20News%2C%20US%20News%2C%20World%20News%20and%20Videos&_vp=nytimes.com%2F&_vh=nytimes.com&_pu=DL5WfiBH3pv6BjD-7W&_pt=C1aIGSDtGrmCVH2LzBzIb3yCa7sym&_pv=https%3A%2F%2Fnytimes.com%2F&_vdd=nytimes.com&_vt=ct&_vs=s2&_vcs=1&_vbr=-1&_vvs=512.704&_vpt=3109&_vaup=auto&_vce=17&c=8.55&W=0&R=1&I=0&E=17&j=20&tz=240&_,resource,518834.59999999404,23.69999998807907,518858.2999999821
https://pnytimes.chartbeat.net/ping?h=video%40nytimes.com&g=16698&p=https%3A%2F%2Fvp.nyt.com%2Fvideo%2F2024%2F07%2F17%2F120988_1_18WORKOUT-FOOT-TOE-STRENGTH6_wg_720p.mp4&i=&g0=Homepage&u=CpjfWDBDI8-9CeK5Mn&t=BC7DGuBJqxaoDcZoyLBGORIvDGcTqK&x=0&y=0&V=147&VS=H5&n=0&b=2503&_vd=16808&_vi=The%20New%20York%20Times%20-%20Breaking%20News%2C%20US%20News%2C%20World%20News%20and%20Videos&_vp=nytimes.com%2F&_vh=nytimes.com&_pu=DL5WfiBH3pv6BjD-7W&_pt=C1aIGSDtGrmCVH2LzBzIb3yCa7sym&_pv=https%3A%2F%2Fnytimes.com%2F&_vdd=nytimes.com&_vt=ct&_vs=s3&_vcs=1&_vbr=-1&_vvs=512.905&_vpt=3284&_vaup=auto&_vce=17&c=8.55&W=0&R=0&I=1&E=17&j=75&tz=240&_,resource,519035,24.299999982118607,519059.2999999821
https://pnytimes.chartbeat.net/ping?h=nytimes.com&p=nytimes.com%2F&u=DL5WfiBH3pv6BjD-7W&d=nytimes.com&g=16698&g0=Homepage&g1=No%20Author&g6=%2F29390238%2Fnyt%2Fhomepage%7C%7C5&n=0&f=f0033&c=0.25&x=730&m=12816&y=13806&o=1228&w=959&j=30&R=1&W=0&I=0&E=10&e=4&v=https%3A%2F%2Fnytimes.com%2F&vp=1&PA=https%3A%2F%2Fwww.nytimes.com%2F&b=2503&t=C1aIGSDtGrmCVH2LzBzIb3yCa7sym&V=147&tz=240&_acct=anon&_vi=&_vp=https://vp.nyt.com/video/2024/07/23/121254_1_22vid-harris-campaign_wg_1080p.mp4&_vdd=video%40nytimes.com&_vs=s2&_vt=ct&_vap=&_vtn=&_vd=46410&sn=3&sv=BuuZeUDZglQPBLFmlYDE2lADDnIRDn&sr=external&sd=2&im=06e72ff3&_,resource,519061.59999999404,23.69999998807907,519085.2999999821
https://a.et.nytimes.com/track,resource,519057.5,56.5,519114
https://pnytimes.chartbeat.net/ping?h=video%40nytimes.com&g=16698&p=https%3A%2F%2Fvp.nyt.com%2Fvideo%2F2024%2F07%2F23%2F121254_1_22vid-harris-campaign_wg_1080p.mp4&i=&g0=Homepage&u=CpjfWDBDI8-9CeK5Mn&t=TCcwXC3xgA8C9Gr7QCzm5LCKnOxS&x=0&y=0&V=147&VS=H5&n=0&b=1134&_vd=46410&_vi=The%20New%20York%20Times%20-%20Breaking%20News%2C%20US%20News%2C%20World%20News%20and%20Videos&_vp=nytimes.com%2F&_vh=nytimes.com&_pu=DL5WfiBH3pv6BjD-7W&_pt=C1aIGSDtGrmCVH2LzBzIb3yCa7sym&_pv=https%3A%2F%2Fnytimes.com%2F&_vdd=nytimes.com&_vt=ct&_vs=s3&_vcs=1&_vbr=-1&_vvs=518.006&_vpt=20240&_vaup=man&_vce=22&c=8.63&W=0&R=0&I=1&E=22&j=75&tz=240&_,resource,519135.09999999404,22.30000001192093,519157.40000000596
dfp-ad-bottom-timeReceived,measure,515421.2999999821,3788.7000000178814,519210
dfp-ad-bottom-timeRendered,measure,515421.2999999821,3795,519216.2999999821
https://securepubads.g.doubleclick.net/gampad/ads?pvsid=1424150245462613&correlator=4233989009209468&eid=44809527%2C31083340%2C31085490%2C676982996%2C31078664%2C31078665%2C31078668%2C31078670&output=ldjh&gdfp_req=1&vrg=202407220101&ptt=17&impl=fif&iu_parts=29390238%2Cnyt%2Chomepage&enc_prev_ius=%2F0%2F1%2F2&prev_iu_szs=320x50%7C728x90%7C970x90%7C970x250%7C1605x300&fluid=height&ifi=9&sfv=1-0-40&rcs=3&eri=33&sc=1&cookie=ID%3Dddec003deba801c7%3AT%3D1721313619%3ART%3D1721758863%3AS%3DALNI_MZdweIlIfkDK4mqTAC8dIjSWxr1-A&gpic=UID%3D00000e9bbc8eed42%3AT%3D1721313619%3ART%3D1721758863%3AS%3DALNI_MY8Wzg7kXlHJDaC9MrkoY69MxFvxw&abxe=1&dt=1721758878494&lmt=1721757382&adxs=0&adys=9688&biw=1228&bih=959&scr_x=0&scr_y=709&btvi=6&ucis=5&oid=2&u_his=5&u_h=1117&u_w=1728&u_ah=1085&u_aw=1728&u_cd=30&u_sd=2&u_tz=-240&dmc=8&bc=31&nvt=3&uach=WyJtYWNPUyIsIjE0LjUuMCIsImFybSIsIiIsIjEyNi4wLjY0NzguMTI3IixudWxsLDAsbnVsbCwiNjQiLFtbIk5vdC9BKUJyYW5kIiwiOC4wLjAuMCJdLFsiQ2hyb21pdW0iLCIxMjYuMC42NDc4LjEyNyJdLFsiR29vZ2xlIENocm9tZSIsIjEyNi4wLjY0NzguMTI3Il1dLDBd&url=https%3A%2F%2Fwww.nytimes.com%2F&vis=1&psz=1228x281&msz=1228x250&fws=4&ohw=1228&psts=AOrYGslTZeVfL0ttV5LHxob5UMvllE21gJ-OiHFbJEscG0vGg94GijldwJ26b1ShpgZZAnvdX8Vpvz9Zt4jQoRX3WGI&ga_vid=1933310523.1721758361&ga_sid=1721758361&ga_hid=952172467&ga_fc=false&td=1&egid=45258&tan=358417f4-acd2-4629-a893-0878550eaf4f&tdf=2&nt=1&psd=WzExLFtdLG51bGwsM10.&dlt=1721758359846&idt=803&ppid=9j5lbnkqh61utj33etdxtzzqpl6ou4l&prev_scp=div%3Ddfp-ad-bottom%26pos%3Dbottom%26format_rules%3Dnoxl%26hb_format%3Dbanner%26hb_size%3D970x250%26hb_pb%3D0.15%26hb_adid%3D113e7978fde770d8%26hb_bidder%3Dcriteo%26hb_format_criteo%3Dbanner%26hb_size_criteo%3D970x250%26hb_pb_criteo%3D0.15%26hb_adid_criteo%3D113e7978fde770d8%26hb_bidder_criteo%3Dcriteo%26request_time%3D515414%26blocked_by_ge%3D3&cust_params=als_test_clientside%3Dweb_bigtable_none_20240723181239%26mktg%3Dtype_anon%252Clogf%252Cabt%26bt%3D131947%252C131953%252C132360%252C132361%252C132362%252C132363%252C132365%252C132366%252C132394%252C132395%252C132630%252C132640%252C132668%252C132670%252C173596%252C259%252C282%252C303%252C305%252C497%252C548%26sub%3Danon%26edn%3Dus%26test%3Dprojectvi%26ver%3Dvi%26typ%3Dhp%26prop%3Dnyt%26plat%3Dweb%26abra_dfp%3Ddfp_prebid_0624_1_criteo%26sov%3D3%26page_view_id%3DCiZ6F3_MsiBI3bxn79NLktQz%26purr%3Dfull%26vp%3Dlarge%26uap%3Dbrowser%26cookie%3Dfalse%26gscat%3Dneg_ibmtest%252Cneg_gg1%252Cneg_ibm%252Cneg_chanel%252Cneg_owde%252Cneg_chan2%252Cneg_debeer%252Cneg_citi_aa%252Cneg_hms%252Cneg_google%252Cneg_capitalone%252Cneg_njts%252Cneg_rchmt%252Cpolitics_sentiment%252Cgb_safe_from_high%252Cgs_politics%252Cneg_kaypemg%252Cneg_newyorkp%252Cneg_sub0%252Cneg_mttl%252Cneg_ts%252Cneg_mastercard%252Cneg_bofa%252Cneg_sia%252Cneg_chan3%252Cneg_ihw%252Cgs_predicts_uspoliticselection%252Cneg_mtb%252Cneg_rms%252Cneg_elec%252Cneg_gg2%252Cneg_sabic%252Cneg_hearts%252Cgs_politics_issues_policy%252Cgs_politics_misc%252Cneg_amerex%252Cneg_rolex%252Cneg_ms_safe%252Cneg_am%252Cgs_predicts_olympicsmoments%252Cgs_predicts_legal_industry%252Cgs_predicts_compassion%252Cgs_predicts_technology%252Cgs_politics_american%252Cneg_bp%252Cgs_predicts_veteransservice%252Cgs_predicts_trendingcelebrities%252Cgs_predicts_homeimprovement%252Cgs_homegarden%252Cneg_orep%252Cneg_trpavd%252Cgs_predicts_homeremodeling%252Cgs_predicts_startups%252Cneg_cathay%252Cgs_predicts_marketers%252Cneg_mktg_safe_q4_2019%252Cgs_busfin%252Ccc_business_lead_boards%252Cgs_homegarden_landscaping%252Cgs_predicts_chuseok%252Cneg_racism%252Cneg_ubs%252Cgs_predicts_software_industry%252Cgs_predicts_stylefashion%252Cgs_predicts_golf%252Cneg_msft%252Cgs_predicts_ussports_nbancaabasketball%252Cgs_science_geography%252Cgs_predicts_mlb%252Cgs_event_olympics%252Cgs_predicts_frequenttravelers%252Cgs_predicts_nba%252Cgs_predicts_parentsteachers%252Cneg_rmw%252Cgs_predicts_business_travel%252Cgs_predicts_internationalsports%252Cgs_predicts_tennischampionships%252Cgs_predicts_charity%252Cneg_cme%252Cgs_predicts_fifa%252Cgs_predicts_mensinterests%252Cgs_predicts_retail_industry%252Cgb_sensitive_high_med%252Cgb_sensitive_high_med_low%252Cgb_sensitive_news-ent%252Cneg_mc%252Cgs_predicts_oscarsemmysglobes%252Cgs_predicts_holidayshoppers%252Cgs_predicts_diningindelivery%252Cgs_predicts_travel_by_rail%252Cgs_predicts_millennialmoms%252Cgs_predicts_gettingmarried%252Cgs_predicts_outdoorsinautumn%252Cgs_predicts_musicfestivalsaward%252Cgs_predicts_energy_topics%252Cgs_predicts_blackfridaycybermon%252Cgs_predicts_foodies%252Cgs_predicts_newjob%252Cgs_predicts_worldcup%252Cgv_death_injury%252Cneg_kvue%252Cgs_predicts_savvyshopperscouponing%252Cneg_samsung%252Cgs_predicts_weddings_brides%252Cgs_predicts_singlesday_travel%252Cgs_predicts_teens%252Cgs_predicts_performingarts%252Cgs_predicts_youngwomensinterest%252Cgs_predicts_sbsw_event%252Cgs_predicts_newyearseve%252Cgs_predicts_filmfestivalsawards%252Cgs_predicts_hanukkah%252Cgs_predicts_bussoftwarebuyers%252Cgs_predicts_businessandfinance%252Cgs_predicts_trendingtelevision%252Cgs_predicts_travel%252Cgs_predicts_marchmadness%252Ccc_tech_data%252Cgs_predicts_insurance%252Cgs_t%26ledemedsz%3Dnone%26artlen%3Dshort%26brandsensitive%3Dfalse%26refresh%3Dauto&adks=803994250&frm=20&eo_id_str=ID%3D6beceef132134417%3AT%3D1721313619%3ART%3D1721758863%3AS%3DAA-AfjbJDksXOXVHGx10C6GxXmLu,resource,518668,540.5,519208.5
dfp-ad-bottom-timeReceived,mark,519210,,519210
dfp-ad-bottom-timeRendered,mark,519216.2999999821,,519216.2999999821
https://1859d7136d6093e5decc4ab7ece67954.safeframe.googlesyndication.com/safeframe/1-0-40/html/container.html,resource,519215.2999999821,3,519218.2999999821
dfp-ad-bottom-timeLoaded,measure,515421.2999999821,3834,519255.2999999821
dfp-ad-bottom-timeLoaded,mark,519255.2999999821,,519255.2999999821
https://gw.geoedge.be/api/init,resource,519462.09999999404,17.30000001192093,519479.40000000596
https://a.et.nytimes.com/track,resource,520585.40000000596,50.29999998211861,520635.6999999881
https://a.et.nytimes.com/track,resource,525584.6999999881,55.20000001788139,525639.900000006
https://vp.nyt.com/video/2024/07/23/121254_1_22vid-harris-campaign_wg_1080p.mp4,resource,504045.1999999881,30018.80000001192,534064
https://pnytimes.chartbeat.net/ping?h=nytimes.com&p=nytimes.com%2F&u=DL5WfiBH3pv6BjD-7W&d=nytimes.com&g=16698&g0=Homepage&g1=No%20Author&g6=%2F29390238%2Fnyt%2Fhomepage%7C%7C5&n=0&f=f0033&c=0.5&x=6122&m=12847&y=13806&o=1228&w=959&j=30&R=1&W=0&I=0&E=24&e=14&v=https%3A%2F%2Fnytimes.com%2F&vp=1&PA=https%3A%2F%2Fwww.nytimes.com%2F&b=2503&t=C1aIGSDtGrmCVH2LzBzIb3yCa7sym&V=147&tz=240&_acct=anon&_vi=&_vp=https://vp.nyt.com/video/2024/07/23/121254_1_22vid-harris-campaign_wg_1080p.mp4&_vdd=video%40nytimes.com&_vs=s3&_vt=ct&_vap=&_vtn=&_vd=46410&sn=4&sv=BuuZeUDZglQPBLFmlYDE2lADDnIRDn&sr=external&sd=2&im=06e72ff3&_,resource,534056.2999999821,23.900000005960464,534080.1999999881
https://a.et.nytimes.com/track,resource,534425.599999994,49.19999998807907,534474.7999999821
https://a.et.nytimes.com/track,resource,534958.900000006,61.89999997615814,535020.7999999821
https://pnytimes.chartbeat.net/ping?h=video%40nytimes.com&g=16698&p=https%3A%2F%2Fvp.nyt.com%2Fvideo%2F2024%2F07%2F17%2F120988_1_18WORKOUT-FOOT-TOE-STRENGTH6_wg_720p.mp4&i=&g0=Homepage&u=CpjfWDBDI8-9CeK5Mn&t=BC7DGuBJqxaoDcZoyLBGORIvDGcTqK&x=0&y=0&V=147&VS=H5&n=0&b=2503&_vd=16808&_vi=The%20New%20York%20Times%20-%20Breaking%20News%2C%20US%20News%2C%20World%20News%20and%20Videos&_vp=nytimes.com%2F&_vh=nytimes.com&_pu=DL5WfiBH3pv6BjD-7W&_pt=C1aIGSDtGrmCVH2LzBzIb3yCa7sym&_pv=https%3A%2F%2Fnytimes.com%2F&_vdd=nytimes.com&_vt=ct&_vs=s2&_vcs=1&_vbr=-1&_vvs=528.904&_vpt=3288&_vaup=auto&_vce=17&c=8.82&W=0&R=1&I=0&E=17&j=20&tz=240&_,resource,535034.599999994,24.5,535059.099999994
https://pnytimes.chartbeat.net/ping?h=video%40nytimes.com&g=16698&p=https%3A%2F%2Fvp.nyt.com%2Fvideo%2F2024%2F07%2F23%2F121254_1_22vid-harris-campaign_wg_1080p.mp4&i=&g0=Homepage&u=CpjfWDBDI8-9CeK5Mn&t=TCcwXC3xgA8C9Gr7QCzm5LCKnOxS&x=0&y=0&V=147&VS=H5&n=0&b=1134&_vd=46410&_vi=The%20New%20York%20Times%20-%20Breaking%20News%2C%20US%20News%2C%20World%20News%20and%20Videos&_vp=nytimes.com%2F&_vh=nytimes.com&_pu=DL5WfiBH3pv6BjD-7W&_pt=C1aIGSDtGrmCVH2LzBzIb3yCa7sym&_pv=https%3A%2F%2Fnytimes.com%2F&_vdd=nytimes.com&_vt=ct&_vs=s2&_vcs=1&_vbr=-1&_vvs=533.906&_vpt=20249&_vaup=man&_vce=22&c=8.9&W=0&R=1&I=0&E=22&j=20&tz=240&_,resource,535034.7999999821,24.900000005960464,535059.6999999881
https://a.et.nytimes.com/track,resource,535585.400000006,53.89999997615814,535639.2999999821
,layout-shift,535825.5,,535825.5
https://pnytimes.chartbeat.net/ping?h=nytimes.com&p=nytimes.com%2F&u=DL5WfiBH3pv6BjD-7W&d=nytimes.com&g=16698&g0=Homepage&g1=No%20Author&g6=%2F29390238%2Fnyt%2Fhomepage%7C%7C5&n=0&f=f0033&c=0.53&x=0&m=12847&y=13806&o=1228&w=959&j=30&R=1&W=0&I=0&E=26&e=2&v=https%3A%2F%2Fnytimes.com%2F&vp=1&PA=https%3A%2F%2Fwww.nytimes.com%2F&b=2503&t=C1aIGSDtGrmCVH2LzBzIb3yCa7sym&V=147&tz=240&_acct=anon&_vi=&_vp=https://vp.nyt.com/video/2024/07/17/120988_1_18WORKOUT-FOOT-TOE-STRENGTH6_wg_720p.mp4&_vdd=video%40nytimes.com&_vs=s2&_vt=ct&_vap=&_vtn=&_vd=16808&sn=5&sv=BuuZeUDZglQPBLFmlYDE2lADDnIRDn&sr=external&sd=2&im=06e72ff3&_,resource,536035.400000006,24.099999994039536,536059.5
https://a.et.nytimes.com/track,resource,538393.5,52.69999998807907,538446.1999999881
https://pnytimes.chartbeat.net/ping?h=video%40nytimes.com&g=16698&p=https%3A%2F%2Fvp.nyt.com%2Fvideo%2F2024%2F07%2F23%2F121254_1_22vid-harris-campaign_wg_1080p.mp4&i=&g0=Homepage&u=CpjfWDBDI8-9CeK5Mn&t=TCcwXC3xgA8C9Gr7QCzm5LCKnOxS&x=0&y=0&V=147&VS=H5&n=0&b=1134&_vd=46410&_vi=The%20New%20York%20Times%20-%20Breaking%20News%2C%20US%20News%2C%20World%20News%20and%20Videos&_vp=nytimes.com%2F&_vh=nytimes.com&_pu=DL5WfiBH3pv6BjD-7W&_pt=C1aIGSDtGrmCVH2LzBzIb3yCa7sym&_pv=https%3A%2F%2Fnytimes.com%2F&_vdd=nytimes.com&_vt=ct&_vs=s2&_vcs=1&_vbr=-1&_vvs=538.907&_vpt=25209&_vaup=man&_vce=27&c=8.98&W=0&R=1&I=0&E=27&j=20&tz=240&_,resource,540035.900000006,26.299999982118607,540062.1999999881
https://pnytimes.chartbeat.net/ping?h=video%40nytimes.com&g=16698&p=https%3A%2F%2Fvp.nyt.com%2Fvideo%2F2024%2F07%2F17%2F120988_1_18WORKOUT-FOOT-TOE-STRENGTH6_wg_720p.mp4&i=&g0=Homepage&u=CpjfWDBDI8-9CeK5Mn&t=BC7DGuBJqxaoDcZoyLBGORIvDGcTqK&x=0&y=0&V=147&VS=H5&n=0&b=2503&_vd=16808&_vi=The%20New%20York%20Times%20-%20Breaking%20News%2C%20US%20News%2C%20World%20News%20and%20Videos&_vp=nytimes.com%2F&_vh=nytimes.com&_pu=DL5WfiBH3pv6BjD-7W&_pt=C1aIGSDtGrmCVH2LzBzIb3yCa7sym&_pv=https%3A%2F%2Fnytimes.com%2F&_vdd=nytimes.com&_vt=ct&_vs=s2&_vcs=1&_vbr=-1&_vvs=533.905&_vpt=8289&_vaup=auto&_vce=22&c=8.9&W=0&R=1&I=0&E=22&j=20&tz=240&_,resource,540035.6999999881,27.599999994039536,540063.2999999821
https://vp.nyt.com/video/2024/07/23/121254_1_22vid-harris-campaign_wg_1080p.mp4,resource,537687.900000006,35.69999998807907,537723.599999994
,layout-shift,543466,,543466